row,column,node,zone,Rech,Conc,Depth
67,112,0,1,0.0012,0.01,0
67,113,0,1,0.0012,0.01,0
68,111,0,1,0.0012,0.01,0
68,112,0,1,0.0012,0.01,0
68,113,0,1,0.0012,0.01,0
68,114,0,1,0.0012,0.01,0
69,110,0,1,0.0012,0.01,0
69,111,0,1,0.0012,0.01,0
69,112,0,1,0.0012,0.01,0
69,113,0,1,0.0012,0.01,0
69,114,0,1,0.0012,0.01,0
70,110,0,1,0.0012,0.01,0
70,111,0,1,0.0012,0.01,0
70,112,0,1,0.0012,0.01,0
70,113,0,1,0.0012,0.01,0
70,114,0,1,0.0012,0.01,0
71,110,0,1,0.0012,0.01,0
71,111,0,1,0.0012,0.01,0
71,112,0,1,0.0012,0.01,0
71,113,0,1,0.0012,0.01,0
71,114,0,1,0.0012,0.01,0
72,111,0,1,0.0012,0.01,0
72,112,0,1,0.0012,0.01,0
72,113,0,1,0.0012,0.01,0
72,114,0,1,0.0012,0.01,0
73,111,0,1,0.0012,0.01,0
73,112,0,1,0.0012,0.01,0
73,113,0,1,0.0012,0.01,0
73,114,0,1,0.0012,0.01,0
74,113,0,1,0.0012,0.01,0
76,103,0,1,0.0012,0.1,0
76,104,0,1,0.0012,0.1,0
76,105,0,1,0.0012,0.1,0
77,102,0,1,0.0012,0.1,0
77,103,0,1,0.0012,0.1,0
77,104,0,1,0.0012,0.1,0
77,105,0,1,0.0012,0.1,0
78,101,0,1,0.0012,0.1,0
78,102,0,1,0.0012,0.1,0
78,103,0,1,0.0012,0.1,0
78,104,0,1,0.0012,0.1,0
79,100,0,1,0.0012,0.1,0
79,101,0,1,0.0012,0.1,0
79,102,0,1,0.0012,0.1,0
80,99,0,1,0.0012,0.1,0
80,100,0,1,0.0012,0.1,0
80,101,0,1,0.0012,0.1,0
81,98,0,1,0.0012,0.1,0
81,99,0,1,0.0012,0.1,0
81,100,0,1,0.0012,0.1,0
82,96,0,1,0.0012,0.1,0
82,97,0,1,0.0012,0.1,0
82,98,0,1,0.0012,0.1,0
82,99,0,1,0.0012,0.1,0
83,93,0,1,0.0012,0.1,0
83,94,0,1,0.0012,0.1,0
83,95,0,1,0.0012,0.1,0
83,96,0,1,0.0012,0.1,0
83,97,0,1,0.0012,0.1,0
84,87,0,1,0.0012,0.1,0
84,88,0,1,0.0012,0.1,0
84,89,0,1,0.0012,0.1,0
84,90,0,1,0.0012,0.1,0
84,91,0,1,0.0012,0.1,0
84,92,0,1,0.0012,0.1,0
84,93,0,1,0.0012,0.1,0
84,94,0,1,0.0012,0.1,0
84,95,0,1,0.0012,0.1,0
85,87,0,1,0.0012,0.1,0
85,88,0,1,0.0012,0.1,0
85,89,0,1,0.0012,0.1,0
85,90,0,1,0.0012,0.1,0
85,91,0,1,0.0012,0.1,0
85,92,0,1,0.0012,0.1,0
85,93,0,1,0.0012,0.1,0
89,54,0,1,0.0012,0.01,0
89,55,0,1,0.0012,0.01,0
90,52,0,1,0.0012,0.01,0
90,53,0,1,0.0012,0.01,0
90,54,0,1,0.0012,0.01,0
90,55,0,1,0.0012,0.01,0
90,56,0,1,0.0012,0.01,0
90,57,0,1,0.0012,0.01,0
90,58,0,1,0.0012,0.01,0
90,59,0,1,0.0012,0.01,0
91,52,0,1,0.0012,0.01,0
91,53,0,1,0.0012,0.01,0
91,54,0,1,0.0012,0.01,0
91,55,0,1,0.0012,0.01,0
91,56,0,1,0.0012,0.01,0
91,57,0,1,0.0012,0.01,0
91,58,0,1,0.0012,0.01,0
91,59,0,1,0.0012,0.01,0
91,60,0,1,0.0012,0.01,0
91,61,0,1,0.0012,0.01,0
91,73,0,1,0.0012,0.01,0
91,74,0,1,0.0012,0.01,0
91,75,0,1,0.0012,0.01,0
92,52,0,1,0.0012,0.01,0
92,53,0,1,0.0012,0.01,0
92,54,0,1,0.0012,0.01,0
92,55,0,1,0.0012,0.01,0
92,56,0,1,0.0012,0.01,0
92,57,0,1,0.0012,0.01,0
92,58,0,1,0.0012,0.01,0
92,59,0,1,0.0012,0.01,0
92,71,0,1,0.0012,0.01,0
92,72,0,1,0.0012,0.01,0
92,73,0,1,0.0012,0.01,0
92,74,0,1,0.0012,0.01,0
93,54,0,1,0.0012,0.01,0
93,55,0,1,0.0012,0.01,0
93,56,0,1,0.0012,0.01,0
93,57,0,1,0.0012,0.01,0
93,58,0,1,0.0012,0.01,0
93,71,0,1,0.0012,0.01,0
93,72,0,1,0.0012,0.01,0
94,55,0,1,0.0012,0.01,0
94,56,0,1,0.0012,0.01,0
94,57,0,1,0.0012,0.01,0
94,58,0,1,0.0012,0.01,0
94,59,0,1,0.0012,0.01,0
94,60,0,1,0.0012,0.01,0
94,61,0,1,0.0012,0.01,0
94,65,0,1,0.0012,0.01,0
94,66,0,1,0.0012,0.01,0
94,67,0,1,0.0012,0.01,0
94,68,0,1,0.0012,0.01,0
94,69,0,1,0.0012,0.01,0
94,70,0,1,0.0012,0.01,0
94,74,0,1,0.0012,0.01,0
94,75,0,1,0.0012,0.01,0
94,76,0,1,0.0012,0.01,0
95,57,0,1,0.0012,0.01,0
95,58,0,1,0.0012,0.01,0
95,59,0,1,0.0012,0.01,0
95,60,0,1,0.0012,0.01,0
95,61,0,1,0.0012,0.01,0
95,62,0,1,0.0012,0.01,0
95,63,0,1,0.0012,0.01,0
95,64,0,1,0.0012,0.01,0
95,65,0,1,0.0012,0.01,0
95,66,0,1,0.0012,0.01,0
95,67,0,1,0.0012,0.01,0
95,68,0,1,0.0012,0.01,0
95,69,0,1,0.0012,0.01,0
95,70,0,1,0.0012,0.01,0
95,71,0,1,0.0012,0.01,0
95,72,0,1,0.0012,0.01,0
95,73,0,1,0.0012,0.01,0
95,74,0,1,0.0012,0.01,0
95,75,0,1,0.0012,0.01,0
95,76,0,1,0.0012,0.01,0
96,59,0,1,0.0012,0.01,0
96,60,0,1,0.0012,0.01,0
96,61,0,1,0.0012,0.01,0
96,62,0,1,0.0012,0.01,0
96,63,0,1,0.0012,0.01,0
96,64,0,1,0.0012,0.01,0
96,65,0,1,0.0012,0.01,0
96,66,0,1,0.0012,0.01,0
96,67,0,1,0.0012,0.01,0
96,68,0,1,0.0012,0.01,0
96,69,0,1,0.0012,0.01,0
96,70,0,1,0.0012,0.01,0
33,129,0,1,0.000247,0.1,0
34,126,0,1,0.000247,0.1,0
34,127,0,1,0.000247,0.1,0
34,128,0,1,0.000247,0.1,0
34,129,0,1,0.000247,0.1,0
35,124,0,1,0.000247,0.1,0
35,125,0,1,0.000247,0.1,0
35,126,0,1,0.000247,0.1,0
35,127,0,1,0.000247,0.1,0
35,128,0,1,0.000247,0.1,0
35,129,0,1,0.000247,0.1,0
35,130,0,1,0.000247,0.1,0
36,122,0,1,0.000247,0.1,0
36,123,0,1,0.000247,0.1,0
36,124,0,1,0.000247,0.1,0
36,125,0,1,0.000247,0.1,0
36,126,0,1,0.000247,0.1,0
36,127,0,1,0.000247,0.1,0
36,128,0,1,0.000247,0.1,0
36,129,0,1,0.000247,0.1,0
36,130,0,1,0.000247,0.1,0
37,120,0,1,0.000247,0.1,0
37,121,0,1,0.000247,0.1,0
37,122,0,1,0.000247,0.1,0
37,123,0,1,0.000247,0.1,0
37,124,0,1,0.000247,0.1,0
37,125,0,1,0.000247,0.1,0
37,126,0,1,0.000247,0.1,0
37,127,0,1,0.000247,0.1,0
37,128,0,1,0.000247,0.1,0
37,129,0,1,0.000247,0.1,0
37,130,0,1,0.000247,0.1,0
37,131,0,1,0.000247,0.1,0
38,120,0,1,0.000247,0.1,0
38,121,0,1,0.000247,0.1,0
38,122,0,1,0.000247,0.1,0
38,123,0,1,0.000247,0.1,0
38,124,0,1,0.000247,0.1,0
38,125,0,1,0.000247,0.1,0
38,126,0,1,0.000247,0.1,0
38,127,0,1,0.000247,0.1,0
38,128,0,1,0.000247,0.1,0
38,129,0,1,0.000247,0.1,0
38,130,0,1,0.000247,0.1,0
38,131,0,1,0.000247,0.1,0
39,120,0,1,0.000247,0.1,0
39,121,0,1,0.000247,0.1,0
39,122,0,1,0.000247,0.1,0
39,123,0,1,0.000247,0.1,0
39,124,0,1,0.000247,0.1,0
39,125,0,1,0.000247,0.1,0
39,126,0,1,0.000247,0.1,0
39,127,0,1,0.000247,0.1,0
39,128,0,1,0.000247,0.1,0
39,129,0,1,0.000247,0.1,0
39,130,0,1,0.000247,0.1,0
39,131,0,1,0.000247,0.1,0
39,132,0,1,0.000247,0.1,0
40,120,0,1,0.000247,0.1,0
40,121,0,1,0.000247,0.1,0
40,122,0,1,0.000247,0.1,0
40,123,0,1,0.000247,0.1,0
40,124,0,1,0.000247,0.1,0
40,125,0,1,0.000247,0.1,0
40,126,0,1,0.000247,0.1,0
40,127,0,1,0.000247,0.1,0
40,128,0,1,0.000247,0.1,0
40,129,0,1,0.000247,0.1,0
40,130,0,1,0.000247,0.1,0
40,131,0,1,0.000247,0.1,0
40,132,0,1,0.000247,0.1,0
40,133,0,1,0.000247,0.1,0
41,120,0,1,0.000247,0.1,0
41,121,0,1,0.000247,0.1,0
41,122,0,1,0.000247,0.1,0
41,123,0,1,0.000247,0.1,0
41,124,0,1,0.000247,0.1,0
41,125,0,1,0.000247,0.1,0
41,126,0,1,0.000247,0.1,0
41,127,0,1,0.000247,0.1,0
41,128,0,1,0.000247,0.1,0
41,129,0,1,0.000247,0.1,0
41,130,0,1,0.000247,0.1,0
41,131,0,1,0.000247,0.1,0
41,132,0,1,0.000247,0.1,0
41,133,0,1,0.000247,0.1,0
42,119,0,1,0.000247,0.1,0
42,120,0,1,0.000247,0.1,0
42,121,0,1,0.000247,0.1,0
42,122,0,1,0.000247,0.1,0
42,123,0,1,0.000247,0.1,0
42,124,0,1,0.000247,0.1,0
42,125,0,1,0.000247,0.1,0
42,126,0,1,0.000247,0.1,0
42,127,0,1,0.000247,0.1,0
42,128,0,1,0.000247,0.1,0
42,129,0,1,0.000247,0.1,0
42,130,0,1,0.000247,0.1,0
42,131,0,1,0.000247,0.1,0
42,132,0,1,0.000247,0.1,0
42,133,0,1,0.000247,0.1,0
42,134,0,1,0.000247,0.1,0
43,120,0,1,0.000247,0.1,0
43,121,0,1,0.000247,0.1,0
43,122,0,1,0.000247,0.1,0
43,123,0,1,0.000247,0.1,0
43,124,0,1,0.000247,0.1,0
43,125,0,1,0.000247,0.1,0
43,126,0,1,0.000247,0.1,0
43,127,0,1,0.000247,0.1,0
43,128,0,1,0.000247,0.1,0
43,129,0,1,0.000247,0.1,0
43,130,0,1,0.000247,0.1,0
43,131,0,1,0.000247,0.1,0
43,132,0,1,0.000247,0.1,0
43,133,0,1,0.000247,0.1,0
43,134,0,1,0.000247,0.1,0
44,121,0,1,0.000247,0.1,0
44,122,0,1,0.000247,0.1,0
44,123,0,1,0.000247,0.1,0
44,124,0,1,0.000247,0.1,0
44,125,0,1,0.000247,0.1,0
44,126,0,1,0.000247,0.1,0
44,127,0,1,0.000247,0.1,0
44,128,0,1,0.000247,0.1,0
44,129,0,1,0.000247,0.1,0
44,130,0,1,0.000247,0.1,0
44,131,0,1,0.000247,0.1,0
44,132,0,1,0.000247,0.1,0
44,133,0,1,0.000247,0.1,0
44,134,0,1,0.000247,0.1,0
44,135,0,1,0.000247,0.1,0
45,122,0,1,0.000247,0.1,0
45,123,0,1,0.000247,0.1,0
45,124,0,1,0.000247,0.1,0
45,125,0,1,0.000247,0.1,0
45,126,0,1,0.000247,0.1,0
45,127,0,1,0.000247,0.1,0
45,128,0,1,0.000247,0.1,0
45,129,0,1,0.000247,0.1,0
45,130,0,1,0.000247,0.1,0
45,131,0,1,0.000247,0.1,0
45,132,0,1,0.000247,0.1,0
45,133,0,1,0.000247,0.1,0
45,134,0,1,0.000247,0.1,0
45,135,0,1,0.000247,0.1,0
45,136,0,1,0.000247,0.1,0
46,123,0,1,0.000247,0.1,0
46,124,0,1,0.000247,0.1,0
46,125,0,1,0.000247,0.1,0
46,126,0,1,0.000247,0.1,0
46,127,0,1,0.000247,0.1,0
46,128,0,1,0.000247,0.1,0
46,129,0,1,0.000247,0.1,0
46,130,0,1,0.000247,0.1,0
46,131,0,1,0.000247,0.1,0
46,132,0,1,0.000247,0.1,0
46,133,0,1,0.000247,0.1,0
46,134,0,1,0.000247,0.1,0
46,135,0,1,0.000247,0.1,0
46,136,0,1,0.000247,0.1,0
47,124,0,1,0.000247,0.1,0
47,125,0,1,0.000247,0.1,0
47,126,0,1,0.000247,0.1,0
47,127,0,1,0.000247,0.1,0
47,128,0,1,0.000247,0.1,0
47,129,0,1,0.000247,0.1,0
47,130,0,1,0.000247,0.1,0
47,131,0,1,0.000247,0.1,0
47,132,0,1,0.000247,0.1,0
47,133,0,1,0.000247,0.1,0
47,134,0,1,0.000247,0.1,0
47,135,0,1,0.000247,0.1,0
47,136,0,1,0.000247,0.1,0
47,137,0,1,0.000247,0.1,0
48,124,0,1,0.000247,0.1,0
48,125,0,1,0.000247,0.1,0
48,126,0,1,0.000247,0.1,0
48,127,0,1,0.000247,0.1,0
48,128,0,1,0.000247,0.1,0
48,129,0,1,0.000247,0.1,0
48,130,0,1,0.000247,0.1,0
48,131,0,1,0.000247,0.1,0
48,132,0,1,0.000247,0.1,0
48,133,0,1,0.000247,0.1,0
48,134,0,1,0.000247,0.1,0
48,135,0,1,0.000247,0.1,0
48,136,0,1,0.000247,0.1,0
48,137,0,1,0.000247,0.1,0
49,125,0,1,0.000247,0.1,0
49,126,0,1,0.000247,0.1,0
49,127,0,1,0.000247,0.1,0
49,128,0,1,0.000247,0.1,0
49,129,0,1,0.000247,0.1,0
49,130,0,1,0.000247,0.1,0
49,131,0,1,0.000247,0.1,0
49,132,0,1,0.000247,0.1,0
49,133,0,1,0.000247,0.1,0
49,134,0,1,0.000247,0.1,0
49,135,0,1,0.000247,0.1,0
49,136,0,1,0.000247,0.1,0
49,137,0,1,0.000247,0.1,0
49,138,0,1,0.000247,0.1,0
50,124,0,1,0.000247,0.1,0
50,125,0,1,0.000247,0.1,0
50,126,0,1,0.000247,0.1,0
50,127,0,1,0.000247,0.1,0
50,128,0,1,0.000247,0.1,0
50,129,0,1,0.000247,0.1,0
50,130,0,1,0.000247,0.1,0
50,131,0,1,0.000247,0.1,0
50,132,0,1,0.000247,0.1,0
50,133,0,1,0.000247,0.1,0
50,134,0,1,0.000247,0.1,0
50,135,0,1,0.000247,0.1,0
50,136,0,1,0.000247,0.1,0
51,122,0,1,0.000247,0.1,0
51,123,0,1,0.000247,0.1,0
51,124,0,1,0.000247,0.1,0
51,125,0,1,0.000247,0.1,0
51,126,0,1,0.000247,0.1,0
51,127,0,1,0.000247,0.1,0
51,128,0,1,0.000247,0.1,0
51,129,0,1,0.000247,0.1,0
51,130,0,1,0.000247,0.1,0
51,131,0,1,0.000247,0.1,0
51,132,0,1,0.000247,0.1,0
51,133,0,1,0.000247,0.1,0
51,134,0,1,0.000247,0.1,0
52,121,0,1,0.000247,0.1,0
52,122,0,1,0.000247,0.1,0
52,123,0,1,0.000247,0.1,0
52,124,0,1,0.000247,0.1,0
52,125,0,1,0.000247,0.1,0
52,126,0,1,0.000247,0.1,0
52,127,0,1,0.000247,0.1,0
52,128,0,1,0.000247,0.1,0
52,129,0,1,0.000247,0.1,0
52,130,0,1,0.000247,0.1,0
52,131,0,1,0.000247,0.1,0
52,132,0,1,0.000247,0.1,0
53,121,0,1,0.000247,0.1,0
53,122,0,1,0.000247,0.1,0
53,123,0,1,0.000247,0.1,0
53,124,0,1,0.000247,0.1,0
53,125,0,1,0.000247,0.1,0
53,126,0,1,0.000247,0.1,0
53,127,0,1,0.000247,0.1,0
53,128,0,1,0.000247,0.1,0
53,129,0,1,0.000247,0.1,0
53,130,0,1,0.000247,0.1,0
54,122,0,1,0.000247,0.1,0
54,123,0,1,0.000247,0.1,0
54,124,0,1,0.000247,0.1,0
54,125,0,1,0.000247,0.1,0
54,126,0,1,0.000247,0.1,0
54,127,0,1,0.000247,0.1,0
54,128,0,1,0.000247,0.1,0
55,123,0,1,0.000247,0.1,0
55,124,0,1,0.000247,0.1,0
55,125,0,1,0.000247,0.1,0
55,126,0,1,0.000247,0.1,0
56,137,0,1,0.000247,0.1,0
56,138,0,1,0.000247,0.1,0
56,139,0,1,0.000247,0.1,0
56,140,0,1,0.000247,0.1,0
56,141,0,1,0.000247,0.1,0
56,142,0,1,0.000247,0.1,0
56,143,0,1,0.000247,0.1,0
57,126,0,1,0.000247,0.1,0
57,127,0,1,0.000247,0.1,0
57,128,0,1,0.000247,0.1,0
57,129,0,1,0.000247,0.1,0
57,130,0,1,0.000247,0.1,0
57,131,0,1,0.000247,0.1,0
57,132,0,1,0.000247,0.1,0
57,133,0,1,0.000247,0.1,0
57,134,0,1,0.000247,0.1,0
57,135,0,1,0.000247,0.1,0
57,136,0,1,0.000247,0.1,0
57,137,0,1,0.000247,0.1,0
57,138,0,1,0.000247,0.1,0
57,139,0,1,0.000247,0.1,0
57,140,0,1,0.000247,0.1,0
57,141,0,1,0.000247,0.1,0
57,142,0,1,0.000247,0.1,0
57,143,0,1,0.000247,0.1,0
58,126,0,1,0.000247,0.1,0
58,127,0,1,0.000247,0.1,0
58,128,0,1,0.000247,0.1,0
58,129,0,1,0.000247,0.1,0
58,130,0,1,0.000247,0.1,0
58,131,0,1,0.000247,0.1,0
58,132,0,1,0.000247,0.1,0
58,133,0,1,0.000247,0.1,0
58,134,0,1,0.000247,0.1,0
58,135,0,1,0.000247,0.1,0
58,136,0,1,0.000247,0.1,0
58,137,0,1,0.000247,0.1,0
58,138,0,1,0.000247,0.1,0
58,139,0,1,0.000247,0.1,0
58,140,0,1,0.000247,0.1,0
58,141,0,1,0.000247,0.1,0
58,142,0,1,0.000247,0.1,0
59,126,0,1,0.000247,0.1,0
59,127,0,1,0.000247,0.1,0
59,128,0,1,0.000247,0.1,0
59,129,0,1,0.000247,0.1,0
59,130,0,1,0.000247,0.1,0
59,131,0,1,0.000247,0.1,0
59,132,0,1,0.000247,0.1,0
59,133,0,1,0.000247,0.1,0
59,134,0,1,0.000247,0.1,0
59,135,0,1,0.000247,0.1,0
59,136,0,1,0.000247,0.1,0
59,137,0,1,0.000247,0.1,0
59,138,0,1,0.000247,0.1,0
59,139,0,1,0.000247,0.1,0
59,140,0,1,0.000247,0.1,0
59,141,0,1,0.000247,0.1,0
59,142,0,1,0.000247,0.1,0
60,125,0,1,0.000247,0.1,0
60,126,0,1,0.000247,0.1,0
60,127,0,1,0.000247,0.1,0
60,128,0,1,0.000247,0.1,0
60,129,0,1,0.000247,0.1,0
60,130,0,1,0.000247,0.1,0
60,131,0,1,0.000247,0.1,0
60,132,0,1,0.000247,0.1,0
60,133,0,1,0.000247,0.1,0
60,134,0,1,0.000247,0.1,0
60,135,0,1,0.000247,0.1,0
60,136,0,1,0.000247,0.1,0
60,137,0,1,0.000247,0.1,0
60,138,0,1,0.000247,0.1,0
60,139,0,1,0.000247,0.1,0
60,140,0,1,0.000247,0.1,0
61,122,0,1,0.000247,0.1,0
61,123,0,1,0.000247,0.1,0
61,124,0,1,0.000247,0.1,0
61,125,0,1,0.000247,0.1,0
61,126,0,1,0.000247,0.1,0
61,127,0,1,0.000247,0.1,0
61,128,0,1,0.000247,0.1,0
61,129,0,1,0.000247,0.1,0
61,130,0,1,0.000247,0.1,0
61,131,0,1,0.000247,0.1,0
61,132,0,1,0.000247,0.1,0
61,133,0,1,0.000247,0.1,0
61,134,0,1,0.000247,0.1,0
61,135,0,1,0.000247,0.1,0
61,136,0,1,0.000247,0.1,0
61,137,0,1,0.000247,0.1,0
61,138,0,1,0.000247,0.1,0
62,116,0,1,0.000247,0.1,0
62,117,0,1,0.000247,0.1,0
62,118,0,1,0.000247,0.1,0
62,119,0,1,0.000247,0.1,0
62,120,0,1,0.000247,0.1,0
62,121,0,1,0.000247,0.1,0
62,122,0,1,0.000247,0.1,0
62,123,0,1,0.000247,0.1,0
62,124,0,1,0.000247,0.1,0
62,125,0,1,0.000247,0.1,0
62,126,0,1,0.000247,0.1,0
62,127,0,1,0.000247,0.1,0
62,128,0,1,0.000247,0.1,0
62,129,0,1,0.000247,0.1,0
62,130,0,1,0.000247,0.1,0
62,131,0,1,0.000247,0.1,0
62,132,0,1,0.000247,0.1,0
62,133,0,1,0.000247,0.1,0
62,134,0,1,0.000247,0.1,0
62,135,0,1,0.000247,0.1,0
62,136,0,1,0.000247,0.1,0
63,117,0,1,0.000247,0.1,0
63,118,0,1,0.000247,0.1,0
63,119,0,1,0.000247,0.1,0
63,120,0,1,0.000247,0.1,0
63,121,0,1,0.000247,0.1,0
63,122,0,1,0.000247,0.1,0
63,123,0,1,0.000247,0.1,0
63,124,0,1,0.000247,0.1,0
63,125,0,1,0.000247,0.1,0
63,126,0,1,0.000247,0.1,0
63,127,0,1,0.000247,0.1,0
63,128,0,1,0.000247,0.1,0
63,129,0,1,0.000247,0.1,0
63,130,0,1,0.000247,0.1,0
63,131,0,1,0.000247,0.1,0
63,132,0,1,0.000247,0.1,0
63,133,0,1,0.000247,0.1,0
63,134,0,1,0.000247,0.1,0
63,135,0,1,0.000247,0.1,0
64,117,0,1,0.000247,0.1,0
64,118,0,1,0.000247,0.1,0
64,119,0,1,0.000247,0.1,0
64,120,0,1,0.000247,0.1,0
64,121,0,1,0.000247,0.1,0
64,122,0,1,0.000247,0.1,0
64,123,0,1,0.000247,0.1,0
64,124,0,1,0.000247,0.1,0
64,125,0,1,0.000247,0.1,0
64,126,0,1,0.000247,0.1,0
64,127,0,1,0.000247,0.1,0
64,128,0,1,0.000247,0.1,0
64,129,0,1,0.000247,0.1,0
64,130,0,1,0.000247,0.1,0
64,131,0,1,0.000247,0.1,0
64,132,0,1,0.000247,0.1,0
64,133,0,1,0.000247,0.1,0
64,134,0,1,0.000247,0.1,0
65,117,0,1,0.000247,0.1,0
65,118,0,1,0.000247,0.1,0
65,119,0,1,0.000247,0.1,0
65,120,0,1,0.000247,0.1,0
65,121,0,1,0.000247,0.1,0
65,122,0,1,0.000247,0.1,0
65,123,0,1,0.000247,0.1,0
65,124,0,1,0.000247,0.1,0
65,125,0,1,0.000247,0.1,0
65,126,0,1,0.000247,0.1,0
65,127,0,1,0.000247,0.1,0
65,128,0,1,0.000247,0.1,0
65,129,0,1,0.000247,0.1,0
65,130,0,1,0.000247,0.1,0
65,131,0,1,0.000247,0.1,0
65,132,0,1,0.000247,0.1,0
65,133,0,1,0.000247,0.1,0
65,134,0,1,0.000247,0.1,0
66,117,0,1,0.000247,0.1,0
66,118,0,1,0.000247,0.1,0
66,119,0,1,0.000247,0.1,0
66,120,0,1,0.000247,0.1,0
66,121,0,1,0.000247,0.1,0
66,122,0,1,0.000247,0.1,0
66,123,0,1,0.000247,0.1,0
66,124,0,1,0.000247,0.1,0
66,125,0,1,0.000247,0.1,0
66,126,0,1,0.000247,0.1,0
66,127,0,1,0.000247,0.1,0
66,128,0,1,0.000247,0.1,0
66,129,0,1,0.000247,0.1,0
66,130,0,1,0.000247,0.1,0
66,131,0,1,0.000247,0.1,0
66,132,0,1,0.000247,0.1,0
66,133,0,1,0.000247,0.1,0
66,134,0,1,0.000247,0.1,0
67,117,0,1,0.000247,0.1,0
67,118,0,1,0.000247,0.1,0
67,119,0,1,0.000247,0.1,0
67,120,0,1,0.000247,0.1,0
67,121,0,1,0.000247,0.1,0
67,122,0,1,0.000247,0.1,0
67,123,0,1,0.000247,0.1,0
67,124,0,1,0.000247,0.1,0
67,125,0,1,0.000247,0.1,0
67,126,0,1,0.000247,0.1,0
67,127,0,1,0.000247,0.1,0
67,128,0,1,0.000247,0.1,0
67,129,0,1,0.000247,0.1,0
67,130,0,1,0.000247,0.1,0
67,131,0,1,0.000247,0.1,0
67,132,0,1,0.000247,0.1,0
67,133,0,1,0.000247,0.1,0
67,134,0,1,0.000247,0.1,0
68,118,0,1,0.000247,0.1,0
68,119,0,1,0.000247,0.1,0
68,120,0,1,0.000247,0.1,0
68,121,0,1,0.000247,0.1,0
68,122,0,1,0.000247,0.1,0
68,123,0,1,0.000247,0.1,0
68,124,0,1,0.000247,0.1,0
68,125,0,1,0.000247,0.1,0
68,126,0,1,0.000247,0.1,0
68,127,0,1,0.000247,0.1,0
68,128,0,1,0.000247,0.1,0
68,129,0,1,0.000247,0.1,0
68,130,0,1,0.000247,0.1,0
68,131,0,1,0.000247,0.1,0
68,132,0,1,0.000247,0.1,0
68,133,0,1,0.000247,0.1,0
68,134,0,1,0.000247,0.1,0
69,118,0,1,0.000247,0.1,0
69,119,0,1,0.000247,0.1,0
69,120,0,1,0.000247,0.1,0
69,121,0,1,0.000247,0.1,0
69,122,0,1,0.000247,0.1,0
69,123,0,1,0.000247,0.1,0
70,117,0,1,0.000247,0.1,0
70,118,0,1,0.000247,0.1,0
70,119,0,1,0.000247,0.1,0
70,120,0,1,0.000247,0.1,0
70,121,0,1,0.000247,0.1,0
70,122,0,1,0.000247,0.1,0
70,123,0,1,0.000247,0.1,0
70,124,0,1,0.000247,0.1,0
70,125,0,1,0.000247,0.1,0
70,126,0,1,0.000247,0.1,0
70,127,0,1,0.000247,0.1,0
70,128,0,1,0.000247,0.1,0
70,129,0,1,0.000247,0.1,0
70,130,0,1,0.000247,0.1,0
71,117,0,1,0.000247,0.1,0
71,118,0,1,0.000247,0.1,0
71,119,0,1,0.000247,0.1,0
71,120,0,1,0.000247,0.1,0
71,121,0,1,0.000247,0.1,0
71,122,0,1,0.000247,0.1,0
71,123,0,1,0.000247,0.1,0
71,124,0,1,0.000247,0.1,0
71,125,0,1,0.000247,0.1,0
71,126,0,1,0.000247,0.1,0
71,127,0,1,0.000247,0.1,0
71,128,0,1,0.000247,0.1,0
71,129,0,1,0.000247,0.1,0
71,130,0,1,0.000247,0.1,0
72,116,0,1,0.000247,0.1,0
72,117,0,1,0.000247,0.1,0
72,118,0,1,0.000247,0.1,0
72,119,0,1,0.000247,0.1,0
72,120,0,1,0.000247,0.1,0
72,121,0,1,0.000247,0.1,0
72,122,0,1,0.000247,0.1,0
72,123,0,1,0.000247,0.1,0
72,124,0,1,0.000247,0.1,0
72,125,0,1,0.000247,0.1,0
72,126,0,1,0.000247,0.1,0
72,127,0,1,0.000247,0.1,0
72,128,0,1,0.000247,0.1,0
72,129,0,1,0.000247,0.1,0
72,130,0,1,0.000247,0.1,0
73,116,0,1,0.000247,0.1,0
73,117,0,1,0.000247,0.1,0
73,118,0,1,0.000247,0.1,0
73,119,0,1,0.000247,0.1,0
73,120,0,1,0.000247,0.1,0
73,121,0,1,0.000247,0.1,0
73,122,0,1,0.000247,0.1,0
73,123,0,1,0.000247,0.1,0
73,124,0,1,0.000247,0.1,0
73,125,0,1,0.000247,0.1,0
73,126,0,1,0.000247,0.1,0
73,127,0,1,0.000247,0.1,0
73,128,0,1,0.000247,0.1,0
73,129,0,1,0.000247,0.1,0
73,130,0,1,0.000247,0.1,0
74,116,0,1,0.000247,0.1,0
74,117,0,1,0.000247,0.1,0
74,118,0,1,0.000247,0.1,0
74,119,0,1,0.000247,0.1,0
74,120,0,1,0.000247,0.1,0
74,121,0,1,0.000247,0.1,0
74,122,0,1,0.000247,0.1,0
74,123,0,1,0.000247,0.1,0
74,124,0,1,0.000247,0.1,0
74,125,0,1,0.000247,0.1,0
74,126,0,1,0.000247,0.1,0
74,127,0,1,0.000247,0.1,0
74,128,0,1,0.000247,0.1,0
74,129,0,1,0.000247,0.1,0
74,130,0,1,0.000247,0.1,0
75,115,0,1,0.000247,0.1,0
75,116,0,1,0.000247,0.1,0
75,117,0,1,0.000247,0.1,0
75,118,0,1,0.000247,0.1,0
75,119,0,1,0.000247,0.1,0
75,120,0,1,0.000247,0.1,0
75,121,0,1,0.000247,0.1,0
75,122,0,1,0.000247,0.1,0
75,123,0,1,0.000247,0.1,0
75,124,0,1,0.000247,0.1,0
75,125,0,1,0.000247,0.1,0
75,126,0,1,0.000247,0.1,0
75,127,0,1,0.000247,0.1,0
75,128,0,1,0.000247,0.1,0
75,129,0,1,0.000247,0.1,0
75,130,0,1,0.000247,0.1,0
79,114,0,1,0.000247,0.1,0
79,115,0,1,0.000247,0.1,0
79,116,0,1,0.000247,0.1,0
79,117,0,1,0.000247,0.1,0
79,118,0,1,0.000247,0.1,0
79,119,0,1,0.000247,0.1,0
80,103,0,1,0.000247,0.1,0
80,104,0,1,0.000247,0.1,0
80,105,0,1,0.000247,0.1,0
80,106,0,1,0.000247,0.1,0
80,107,0,1,0.000247,0.1,0
80,108,0,1,0.000247,0.1,0
80,109,0,1,0.000247,0.1,0
80,110,0,1,0.000247,0.1,0
80,111,0,1,0.000247,0.1,0
80,112,0,1,0.000247,0.1,0
80,113,0,1,0.000247,0.1,0
80,114,0,1,0.000247,0.1,0
80,115,0,1,0.000247,0.1,0
80,116,0,1,0.000247,0.1,0
80,117,0,1,0.000247,0.1,0
80,118,0,1,0.000247,0.1,0
80,119,0,1,0.000247,0.1,0
80,120,0,1,0.000247,0.1,0
80,121,0,1,0.000247,0.1,0
80,122,0,1,0.000247,0.1,0
80,123,0,1,0.000247,0.1,0
80,124,0,1,0.000247,0.1,0
80,125,0,1,0.000247,0.1,0
81,103,0,1,0.000247,0.1,0
81,104,0,1,0.000247,0.1,0
81,105,0,1,0.000247,0.1,0
81,106,0,1,0.000247,0.1,0
81,107,0,1,0.000247,0.1,0
81,108,0,1,0.000247,0.1,0
81,109,0,1,0.000247,0.1,0
81,110,0,1,0.000247,0.1,0
81,111,0,1,0.000247,0.1,0
81,112,0,1,0.000247,0.1,0
81,113,0,1,0.000247,0.1,0
81,114,0,1,0.000247,0.1,0
81,115,0,1,0.000247,0.1,0
81,116,0,1,0.000247,0.1,0
81,117,0,1,0.000247,0.1,0
81,118,0,1,0.000247,0.1,0
81,119,0,1,0.000247,0.1,0
81,120,0,1,0.000247,0.1,0
81,121,0,1,0.000247,0.1,0
81,122,0,1,0.000247,0.1,0
81,123,0,1,0.000247,0.1,0
81,124,0,1,0.000247,0.1,0
81,125,0,1,0.000247,0.1,0
82,102,0,1,0.000247,0.1,0
82,103,0,1,0.000247,0.1,0
82,104,0,1,0.000247,0.1,0
82,105,0,1,0.000247,0.1,0
82,106,0,1,0.000247,0.1,0
82,107,0,1,0.000247,0.1,0
82,108,0,1,0.000247,0.1,0
82,109,0,1,0.000247,0.1,0
82,110,0,1,0.000247,0.1,0
82,111,0,1,0.000247,0.1,0
82,112,0,1,0.000247,0.1,0
82,113,0,1,0.000247,0.1,0
82,114,0,1,0.000247,0.1,0
82,115,0,1,0.000247,0.1,0
82,116,0,1,0.000247,0.1,0
82,117,0,1,0.000247,0.1,0
82,118,0,1,0.000247,0.1,0
82,119,0,1,0.000247,0.1,0
82,120,0,1,0.000247,0.1,0
82,121,0,1,0.000247,0.1,0
82,122,0,1,0.000247,0.1,0
82,123,0,1,0.000247,0.1,0
82,124,0,1,0.000247,0.1,0
82,125,0,1,0.000247,0.1,0
83,102,0,1,0.000247,0.1,0
83,103,0,1,0.000247,0.1,0
83,104,0,1,0.000247,0.1,0
83,105,0,1,0.000247,0.1,0
83,106,0,1,0.000247,0.1,0
83,107,0,1,0.000247,0.1,0
83,108,0,1,0.000247,0.1,0
83,109,0,1,0.000247,0.1,0
83,110,0,1,0.000247,0.1,0
83,111,0,1,0.000247,0.1,0
83,112,0,1,0.000247,0.1,0
83,113,0,1,0.000247,0.1,0
83,114,0,1,0.000247,0.1,0
83,115,0,1,0.000247,0.1,0
83,116,0,1,0.000247,0.1,0
83,117,0,1,0.000247,0.1,0
83,118,0,1,0.000247,0.1,0
83,119,0,1,0.000247,0.1,0
83,120,0,1,0.000247,0.1,0
83,121,0,1,0.000247,0.1,0
83,122,0,1,0.000247,0.1,0
83,123,0,1,0.000247,0.1,0
83,124,0,1,0.000247,0.1,0
84,102,0,1,0.000247,0.1,0
84,103,0,1,0.000247,0.1,0
84,104,0,1,0.000247,0.1,0
84,105,0,1,0.000247,0.1,0
84,106,0,1,0.000247,0.1,0
84,107,0,1,0.000247,0.1,0
84,108,0,1,0.000247,0.1,0
84,109,0,1,0.000247,0.1,0
84,110,0,1,0.000247,0.1,0
84,111,0,1,0.000247,0.1,0
84,112,0,1,0.000247,0.1,0
84,113,0,1,0.000247,0.1,0
84,114,0,1,0.000247,0.1,0
84,115,0,1,0.000247,0.1,0
84,116,0,1,0.000247,0.1,0
84,117,0,1,0.000247,0.1,0
84,118,0,1,0.000247,0.1,0
84,119,0,1,0.000247,0.1,0
84,120,0,1,0.000247,0.1,0
84,121,0,1,0.000247,0.1,0
84,122,0,1,0.000247,0.1,0
84,123,0,1,0.000247,0.1,0
84,124,0,1,0.000247,0.1,0
85,101,0,1,0.000247,0.1,0
85,102,0,1,0.000247,0.1,0
85,103,0,1,0.000247,0.1,0
85,104,0,1,0.000247,0.1,0
85,105,0,1,0.000247,0.1,0
85,106,0,1,0.000247,0.1,0
85,107,0,1,0.000247,0.1,0
85,108,0,1,0.000247,0.1,0
85,109,0,1,0.000247,0.1,0
85,110,0,1,0.000247,0.1,0
85,111,0,1,0.000247,0.1,0
85,112,0,1,0.000247,0.1,0
85,113,0,1,0.000247,0.1,0
85,114,0,1,0.000247,0.1,0
85,115,0,1,0.000247,0.1,0
85,116,0,1,0.000247,0.1,0
85,117,0,1,0.000247,0.1,0
85,118,0,1,0.000247,0.1,0
85,119,0,1,0.000247,0.1,0
85,120,0,1,0.000247,0.1,0
85,121,0,1,0.000247,0.1,0
85,122,0,1,0.000247,0.1,0
85,123,0,1,0.000247,0.1,0
85,124,0,1,0.000247,0.1,0
86,101,0,1,0.000247,0.1,0
86,102,0,1,0.000247,0.1,0
86,103,0,1,0.000247,0.1,0
86,104,0,1,0.000247,0.1,0
86,105,0,1,0.000247,0.1,0
86,106,0,1,0.000247,0.1,0
86,107,0,1,0.000247,0.1,0
86,108,0,1,0.000247,0.1,0
86,109,0,1,0.000247,0.1,0
86,110,0,1,0.000247,0.1,0
86,111,0,1,0.000247,0.1,0
86,112,0,1,0.000247,0.1,0
86,113,0,1,0.000247,0.1,0
86,114,0,1,0.000247,0.1,0
86,115,0,1,0.000247,0.1,0
86,116,0,1,0.000247,0.1,0
86,117,0,1,0.000247,0.1,0
86,118,0,1,0.000247,0.1,0
86,119,0,1,0.000247,0.1,0
86,120,0,1,0.000247,0.1,0
86,121,0,1,0.000247,0.1,0
86,122,0,1,0.000247,0.1,0
86,123,0,1,0.000247,0.1,0
87,100,0,1,0.000247,0.1,0
87,101,0,1,0.000247,0.1,0
87,102,0,1,0.000247,0.1,0
87,103,0,1,0.000247,0.1,0
87,104,0,1,0.000247,0.1,0
87,105,0,1,0.000247,0.1,0
87,106,0,1,0.000247,0.1,0
87,107,0,1,0.000247,0.1,0
87,108,0,1,0.000247,0.1,0
87,109,0,1,0.000247,0.1,0
87,110,0,1,0.000247,0.1,0
87,111,0,1,0.000247,0.1,0
87,112,0,1,0.000247,0.1,0
87,113,0,1,0.000247,0.1,0
87,114,0,1,0.000247,0.1,0
87,115,0,1,0.000247,0.1,0
87,116,0,1,0.000247,0.1,0
87,117,0,1,0.000247,0.1,0
87,118,0,1,0.000247,0.1,0
87,119,0,1,0.000247,0.1,0
87,120,0,1,0.000247,0.1,0
87,121,0,1,0.000247,0.1,0
87,122,0,1,0.000247,0.1,0
87,123,0,1,0.000247,0.1,0
88,100,0,1,0.000247,0.1,0
88,101,0,1,0.000247,0.1,0
88,102,0,1,0.000247,0.1,0
88,103,0,1,0.000247,0.1,0
88,104,0,1,0.000247,0.1,0
88,105,0,1,0.000247,0.1,0
88,106,0,1,0.000247,0.1,0
88,107,0,1,0.000247,0.1,0
88,108,0,1,0.000247,0.1,0
88,109,0,1,0.000247,0.1,0
88,110,0,1,0.000247,0.1,0
88,111,0,1,0.000247,0.1,0
88,112,0,1,0.000247,0.1,0
88,113,0,1,0.000247,0.1,0
88,114,0,1,0.000247,0.1,0
88,115,0,1,0.000247,0.1,0
88,116,0,1,0.000247,0.1,0
88,117,0,1,0.000247,0.1,0
88,118,0,1,0.000247,0.1,0
88,119,0,1,0.000247,0.1,0
88,120,0,1,0.000247,0.1,0
88,121,0,1,0.000247,0.1,0
88,122,0,1,0.000247,0.1,0
89,96,0,1,0.000247,0.1,0
89,97,0,1,0.000247,0.1,0
89,103,0,1,0.000247,0.1,0
89,104,0,1,0.000247,0.1,0
89,105,0,1,0.000247,0.1,0
89,106,0,1,0.000247,0.1,0
89,107,0,1,0.000247,0.1,0
89,108,0,1,0.000247,0.1,0
89,109,0,1,0.000247,0.1,0
89,110,0,1,0.000247,0.1,0
89,111,0,1,0.000247,0.1,0
89,112,0,1,0.000247,0.1,0
89,113,0,1,0.000247,0.1,0
89,114,0,1,0.000247,0.1,0
89,115,0,1,0.000247,0.1,0
89,116,0,1,0.000247,0.1,0
89,117,0,1,0.000247,0.1,0
89,118,0,1,0.000247,0.1,0
89,119,0,1,0.000247,0.1,0
89,120,0,1,0.000247,0.1,0
89,121,0,1,0.000247,0.1,0
89,122,0,1,0.000247,0.1,0
90,95,0,1,0.000247,0.1,0
90,96,0,1,0.000247,0.1,0
90,97,0,1,0.000247,0.1,0
90,98,0,1,0.000247,0.1,0
90,99,0,1,0.000247,0.1,0
90,105,0,1,0.000247,0.1,0
90,106,0,1,0.000247,0.1,0
90,107,0,1,0.000247,0.1,0
90,108,0,1,0.000247,0.1,0
90,109,0,1,0.000247,0.1,0
90,110,0,1,0.000247,0.1,0
90,111,0,1,0.000247,0.1,0
90,112,0,1,0.000247,0.1,0
90,113,0,1,0.000247,0.1,0
90,114,0,1,0.000247,0.1,0
90,115,0,1,0.000247,0.1,0
90,116,0,1,0.000247,0.1,0
90,117,0,1,0.000247,0.1,0
90,118,0,1,0.000247,0.1,0
90,119,0,1,0.000247,0.1,0
90,120,0,1,0.000247,0.1,0
90,121,0,1,0.000247,0.1,0
91,94,0,1,0.000247,0.1,0
91,95,0,1,0.000247,0.1,0
91,96,0,1,0.000247,0.1,0
91,97,0,1,0.000247,0.1,0
91,98,0,1,0.000247,0.1,0
91,99,0,1,0.000247,0.1,0
91,100,0,1,0.000247,0.1,0
91,110,0,1,0.000247,0.1,0
91,111,0,1,0.000247,0.1,0
91,112,0,1,0.000247,0.1,0
91,113,0,1,0.000247,0.1,0
92,93,0,1,0.000247,0.1,0
92,94,0,1,0.000247,0.1,0
92,95,0,1,0.000247,0.1,0
92,96,0,1,0.000247,0.1,0
92,97,0,1,0.000247,0.1,0
92,98,0,1,0.000247,0.1,0
92,99,0,1,0.000247,0.1,0
92,100,0,1,0.000247,0.1,0
92,101,0,1,0.000247,0.1,0
92,109,0,1,0.000247,0.1,0
92,110,0,1,0.000247,0.1,0
92,111,0,1,0.000247,0.1,0
92,112,0,1,0.000247,0.1,0
92,113,0,1,0.000247,0.1,0
92,114,0,1,0.000247,0.1,0
93,92,0,1,0.000247,0.1,0
93,93,0,1,0.000247,0.1,0
93,94,0,1,0.000247,0.1,0
93,95,0,1,0.000247,0.1,0
93,96,0,1,0.000247,0.1,0
93,97,0,1,0.000247,0.1,0
93,98,0,1,0.000247,0.1,0
93,99,0,1,0.000247,0.1,0
93,100,0,1,0.000247,0.1,0
93,101,0,1,0.000247,0.1,0
93,108,0,1,0.000247,0.1,0
93,109,0,1,0.000247,0.1,0
93,110,0,1,0.000247,0.1,0
93,111,0,1,0.000247,0.1,0
93,112,0,1,0.000247,0.1,0
93,113,0,1,0.000247,0.1,0
93,114,0,1,0.000247,0.1,0
93,115,0,1,0.000247,0.1,0
94,91,0,1,0.000247,0.1,0
94,92,0,1,0.000247,0.1,0
94,93,0,1,0.000247,0.1,0
94,94,0,1,0.000247,0.1,0
94,95,0,1,0.000247,0.1,0
94,96,0,1,0.000247,0.1,0
94,97,0,1,0.000247,0.1,0
94,98,0,1,0.000247,0.1,0
94,99,0,1,0.000247,0.1,0
94,100,0,1,0.000247,0.1,0
94,101,0,1,0.000247,0.1,0
94,107,0,1,0.000247,0.1,0
94,108,0,1,0.000247,0.1,0
94,109,0,1,0.000247,0.1,0
94,110,0,1,0.000247,0.1,0
94,111,0,1,0.000247,0.1,0
94,112,0,1,0.000247,0.1,0
94,113,0,1,0.000247,0.1,0
94,114,0,1,0.000247,0.1,0
94,115,0,1,0.000247,0.1,0
95,92,0,1,0.000247,0.1,0
95,93,0,1,0.000247,0.1,0
95,94,0,1,0.000247,0.1,0
95,95,0,1,0.000247,0.1,0
95,96,0,1,0.000247,0.1,0
95,97,0,1,0.000247,0.1,0
95,98,0,1,0.000247,0.1,0
95,99,0,1,0.000247,0.1,0
95,100,0,1,0.000247,0.1,0
95,101,0,1,0.000247,0.1,0
95,105,0,1,0.000247,0.1,0
95,106,0,1,0.000247,0.1,0
95,107,0,1,0.000247,0.1,0
95,108,0,1,0.000247,0.1,0
95,109,0,1,0.000247,0.1,0
95,110,0,1,0.000247,0.1,0
95,111,0,1,0.000247,0.1,0
95,112,0,1,0.000247,0.1,0
95,113,0,1,0.000247,0.1,0
95,114,0,1,0.000247,0.1,0
95,115,0,1,0.000247,0.1,0
96,92,0,1,0.000247,0.1,0
96,93,0,1,0.000247,0.1,0
96,94,0,1,0.000247,0.1,0
96,95,0,1,0.000247,0.1,0
96,96,0,1,0.000247,0.1,0
96,97,0,1,0.000247,0.1,0
96,98,0,1,0.000247,0.1,0
96,99,0,1,0.000247,0.1,0
96,100,0,1,0.000247,0.1,0
96,101,0,1,0.000247,0.1,0
96,104,0,1,0.000247,0.1,0
96,105,0,1,0.000247,0.1,0
96,106,0,1,0.000247,0.1,0
96,107,0,1,0.000247,0.1,0
96,108,0,1,0.000247,0.1,0
96,109,0,1,0.000247,0.1,0
96,110,0,1,0.000247,0.1,0
96,111,0,1,0.000247,0.1,0
96,112,0,1,0.000247,0.1,0
96,113,0,1,0.000247,0.1,0
96,114,0,1,0.000247,0.1,0
96,115,0,1,0.000247,0.1,0
96,116,0,1,0.000247,0.1,0
96,117,0,1,0.000247,0.1,0
96,118,0,1,0.000247,0.1,0
97,92,0,1,0.000247,0.1,0
97,93,0,1,0.000247,0.1,0
97,94,0,1,0.000247,0.1,0
97,95,0,1,0.000247,0.1,0
97,96,0,1,0.000247,0.1,0
97,97,0,1,0.000247,0.1,0
97,98,0,1,0.000247,0.1,0
97,99,0,1,0.000247,0.1,0
97,100,0,1,0.000247,0.1,0
97,104,0,1,0.000247,0.1,0
97,105,0,1,0.000247,0.1,0
97,106,0,1,0.000247,0.1,0
97,107,0,1,0.000247,0.1,0
97,108,0,1,0.000247,0.1,0
97,109,0,1,0.000247,0.1,0
97,110,0,1,0.000247,0.1,0
97,111,0,1,0.000247,0.1,0
97,112,0,1,0.000247,0.1,0
97,113,0,1,0.000247,0.1,0
97,114,0,1,0.000247,0.1,0
97,115,0,1,0.000247,0.1,0
97,116,0,1,0.000247,0.1,0
97,117,0,1,0.000247,0.1,0
97,118,0,1,0.000247,0.1,0
97,119,0,1,0.000247,0.1,0
97,120,0,1,0.000247,0.1,0
97,121,0,1,0.000247,0.1,0
98,92,0,1,0.000247,0.1,0
98,93,0,1,0.000247,0.1,0
98,94,0,1,0.000247,0.1,0
98,95,0,1,0.000247,0.1,0
98,96,0,1,0.000247,0.1,0
98,97,0,1,0.000247,0.1,0
98,98,0,1,0.000247,0.1,0
98,99,0,1,0.000247,0.1,0
98,100,0,1,0.000247,0.1,0
98,105,0,1,0.000247,0.1,0
98,106,0,1,0.000247,0.1,0
98,107,0,1,0.000247,0.1,0
98,108,0,1,0.000247,0.1,0
98,109,0,1,0.000247,0.1,0
98,110,0,1,0.000247,0.1,0
98,111,0,1,0.000247,0.1,0
98,112,0,1,0.000247,0.1,0
98,113,0,1,0.000247,0.1,0
98,114,0,1,0.000247,0.1,0
98,115,0,1,0.000247,0.1,0
98,116,0,1,0.000247,0.1,0
98,117,0,1,0.000247,0.1,0
98,118,0,1,0.000247,0.1,0
98,119,0,1,0.000247,0.1,0
98,120,0,1,0.000247,0.1,0
99,64,0,1,0.000247,0.1,0
99,65,0,1,0.000247,0.1,0
99,66,0,1,0.000247,0.1,0
99,67,0,1,0.000247,0.1,0
99,68,0,1,0.000247,0.1,0
99,69,0,1,0.000247,0.1,0
99,70,0,1,0.000247,0.1,0
99,71,0,1,0.000247,0.1,0
99,76,0,1,0.000247,0.1,0
99,77,0,1,0.000247,0.1,0
99,78,0,1,0.000247,0.1,0
99,79,0,1,0.000247,0.1,0
99,80,0,1,0.000247,0.1,0
99,81,0,1,0.000247,0.1,0
99,82,0,1,0.000247,0.1,0
99,83,0,1,0.000247,0.1,0
99,93,0,1,0.000247,0.1,0
99,94,0,1,0.000247,0.1,0
99,95,0,1,0.000247,0.1,0
99,96,0,1,0.000247,0.1,0
99,97,0,1,0.000247,0.1,0
99,98,0,1,0.000247,0.1,0
99,99,0,1,0.000247,0.1,0
99,100,0,1,0.000247,0.1,0
99,106,0,1,0.000247,0.1,0
99,107,0,1,0.000247,0.1,0
99,108,0,1,0.000247,0.1,0
99,109,0,1,0.000247,0.1,0
99,110,0,1,0.000247,0.1,0
99,111,0,1,0.000247,0.1,0
99,112,0,1,0.000247,0.1,0
99,113,0,1,0.000247,0.1,0
99,114,0,1,0.000247,0.1,0
99,115,0,1,0.000247,0.1,0
99,116,0,1,0.000247,0.1,0
99,117,0,1,0.000247,0.1,0
99,118,0,1,0.000247,0.1,0
99,119,0,1,0.000247,0.1,0
100,64,0,1,0.000247,0.1,0
100,65,0,1,0.000247,0.1,0
100,66,0,1,0.000247,0.1,0
100,67,0,1,0.000247,0.1,0
100,68,0,1,0.000247,0.1,0
100,69,0,1,0.000247,0.1,0
100,70,0,1,0.000247,0.1,0
100,71,0,1,0.000247,0.1,0
100,76,0,1,0.000247,0.1,0
100,77,0,1,0.000247,0.1,0
100,78,0,1,0.000247,0.1,0
100,79,0,1,0.000247,0.1,0
100,80,0,1,0.000247,0.1,0
100,81,0,1,0.000247,0.1,0
100,82,0,1,0.000247,0.1,0
100,83,0,1,0.000247,0.1,0
100,93,0,1,0.000247,0.1,0
100,94,0,1,0.000247,0.1,0
100,95,0,1,0.000247,0.1,0
100,96,0,1,0.000247,0.1,0
100,97,0,1,0.000247,0.1,0
100,106,0,1,0.000247,0.1,0
100,107,0,1,0.000247,0.1,0
100,108,0,1,0.000247,0.1,0
100,109,0,1,0.000247,0.1,0
100,110,0,1,0.000247,0.1,0
100,111,0,1,0.000247,0.1,0
100,112,0,1,0.000247,0.1,0
100,113,0,1,0.000247,0.1,0
100,114,0,1,0.000247,0.1,0
100,115,0,1,0.000247,0.1,0
100,116,0,1,0.000247,0.1,0
100,117,0,1,0.000247,0.1,0
100,118,0,1,0.000247,0.1,0
100,119,0,1,0.000247,0.1,0
101,65,0,1,0.000247,0.1,0
101,66,0,1,0.000247,0.1,0
101,67,0,1,0.000247,0.1,0
101,68,0,1,0.000247,0.1,0
101,69,0,1,0.000247,0.1,0
101,70,0,1,0.000247,0.1,0
101,71,0,1,0.000247,0.1,0
101,72,0,1,0.000247,0.1,0
101,76,0,1,0.000247,0.1,0
101,77,0,1,0.000247,0.1,0
101,78,0,1,0.000247,0.1,0
101,79,0,1,0.000247,0.1,0
101,80,0,1,0.000247,0.1,0
101,81,0,1,0.000247,0.1,0
101,82,0,1,0.000247,0.1,0
101,83,0,1,0.000247,0.1,0
101,93,0,1,0.000247,0.1,0
101,107,0,1,0.000247,0.1,0
101,108,0,1,0.000247,0.1,0
101,109,0,1,0.000247,0.1,0
101,110,0,1,0.000247,0.1,0
101,111,0,1,0.000247,0.1,0
101,112,0,1,0.000247,0.1,0
101,113,0,1,0.000247,0.1,0
101,114,0,1,0.000247,0.1,0
101,115,0,1,0.000247,0.1,0
101,116,0,1,0.000247,0.1,0
101,117,0,1,0.000247,0.1,0
101,118,0,1,0.000247,0.1,0
102,65,0,1,0.000247,0.1,0
102,66,0,1,0.000247,0.1,0
102,67,0,1,0.000247,0.1,0
102,68,0,1,0.000247,0.1,0
102,69,0,1,0.000247,0.1,0
102,70,0,1,0.000247,0.1,0
102,71,0,1,0.000247,0.1,0
102,72,0,1,0.000247,0.1,0
102,76,0,1,0.000247,0.1,0
102,77,0,1,0.000247,0.1,0
102,78,0,1,0.000247,0.1,0
102,79,0,1,0.000247,0.1,0
102,80,0,1,0.000247,0.1,0
102,81,0,1,0.000247,0.1,0
102,82,0,1,0.000247,0.1,0
102,108,0,1,0.000247,0.1,0
102,109,0,1,0.000247,0.1,0
102,110,0,1,0.000247,0.1,0
102,111,0,1,0.000247,0.1,0
102,112,0,1,0.000247,0.1,0
102,113,0,1,0.000247,0.1,0
102,114,0,1,0.000247,0.1,0
102,115,0,1,0.000247,0.1,0
102,116,0,1,0.000247,0.1,0
102,117,0,1,0.000247,0.1,0
103,65,0,1,0.000247,0.1,0
103,66,0,1,0.000247,0.1,0
103,67,0,1,0.000247,0.1,0
103,68,0,1,0.000247,0.1,0
103,69,0,1,0.000247,0.1,0
103,70,0,1,0.000247,0.1,0
103,71,0,1,0.000247,0.1,0
103,72,0,1,0.000247,0.1,0
103,76,0,1,0.000247,0.1,0
103,77,0,1,0.000247,0.1,0
103,78,0,1,0.000247,0.1,0
103,79,0,1,0.000247,0.1,0
103,80,0,1,0.000247,0.1,0
103,81,0,1,0.000247,0.1,0
103,108,0,1,0.000247,0.1,0
103,109,0,1,0.000247,0.1,0
103,110,0,1,0.000247,0.1,0
103,111,0,1,0.000247,0.1,0
103,112,0,1,0.000247,0.1,0
103,113,0,1,0.000247,0.1,0
103,114,0,1,0.000247,0.1,0
103,115,0,1,0.000247,0.1,0
103,116,0,1,0.000247,0.1,0
104,65,0,1,0.000247,0.1,0
104,66,0,1,0.000247,0.1,0
104,67,0,1,0.000247,0.1,0
104,68,0,1,0.000247,0.1,0
104,69,0,1,0.000247,0.1,0
104,70,0,1,0.000247,0.1,0
104,71,0,1,0.000247,0.1,0
104,72,0,1,0.000247,0.1,0
104,76,0,1,0.000247,0.1,0
104,77,0,1,0.000247,0.1,0
104,78,0,1,0.000247,0.1,0
104,79,0,1,0.000247,0.1,0
104,80,0,1,0.000247,0.1,0
104,109,0,1,0.000247,0.1,0
104,110,0,1,0.000247,0.1,0
104,111,0,1,0.000247,0.1,0
104,112,0,1,0.000247,0.1,0
104,113,0,1,0.000247,0.1,0
104,114,0,1,0.000247,0.1,0
104,115,0,1,0.000247,0.1,0
104,116,0,1,0.000247,0.1,0
105,65,0,1,0.000247,0.1,0
105,66,0,1,0.000247,0.1,0
105,67,0,1,0.000247,0.1,0
105,68,0,1,0.000247,0.1,0
105,69,0,1,0.000247,0.1,0
105,70,0,1,0.000247,0.1,0
105,71,0,1,0.000247,0.1,0
105,72,0,1,0.000247,0.1,0
105,76,0,1,0.000247,0.1,0
105,77,0,1,0.000247,0.1,0
105,78,0,1,0.000247,0.1,0
105,79,0,1,0.000247,0.1,0
105,109,0,1,0.000247,0.1,0
105,110,0,1,0.000247,0.1,0
105,111,0,1,0.000247,0.1,0
105,112,0,1,0.000247,0.1,0
105,113,0,1,0.000247,0.1,0
105,114,0,1,0.000247,0.1,0
106,65,0,1,0.000247,0.1,0
106,66,0,1,0.000247,0.1,0
106,67,0,1,0.000247,0.1,0
106,68,0,1,0.000247,0.1,0
106,69,0,1,0.000247,0.1,0
106,70,0,1,0.000247,0.1,0
106,71,0,1,0.000247,0.1,0
106,72,0,1,0.000247,0.1,0
106,76,0,1,0.000247,0.1,0
106,77,0,1,0.000247,0.1,0
106,78,0,1,0.000247,0.1,0
106,110,0,1,0.000247,0.1,0
106,111,0,1,0.000247,0.1,0
106,112,0,1,0.000247,0.1,0
106,113,0,1,0.000247,0.1,0
107,67,0,1,0.000247,0.1,0
107,68,0,1,0.000247,0.1,0
107,69,0,1,0.000247,0.1,0
107,70,0,1,0.000247,0.1,0
107,71,0,1,0.000247,0.1,0
107,72,0,1,0.000247,0.1,0
107,111,0,1,0.000247,0.1,0
107,112,0,1,0.000247,0.1,0
108,71,0,1,0.000247,0.1,0
122,65,0,1,0.000247,0.1,0
122,66,0,1,0.000247,0.1,0
122,67,0,1,0.000247,0.1,0
122,68,0,1,0.000247,0.1,0
122,69,0,1,0.000247,0.1,0
122,70,0,1,0.000247,0.1,0
122,71,0,1,0.000247,0.1,0
122,72,0,1,0.000247,0.1,0
122,73,0,1,0.000247,0.1,0
122,74,0,1,0.000247,0.1,0
122,75,0,1,0.000247,0.1,0
122,76,0,1,0.000247,0.1,0
122,77,0,1,0.000247,0.1,0
122,78,0,1,0.000247,0.1,0
122,79,0,1,0.000247,0.1,0
122,80,0,1,0.000247,0.1,0
122,81,0,1,0.000247,0.1,0
122,82,0,1,0.000247,0.1,0
122,83,0,1,0.000247,0.1,0
122,84,0,1,0.000247,0.1,0
122,85,0,1,0.000247,0.1,0
122,86,0,1,0.000247,0.1,0
122,87,0,1,0.000247,0.1,0
122,88,0,1,0.000247,0.1,0
122,89,0,1,0.000247,0.1,0
122,90,0,1,0.000247,0.1,0
122,91,0,1,0.000247,0.1,0
122,92,0,1,0.000247,0.1,0
122,93,0,1,0.000247,0.1,0
122,94,0,1,0.000247,0.1,0
122,95,0,1,0.000247,0.1,0
122,96,0,1,0.000247,0.1,0
122,97,0,1,0.000247,0.1,0
123,46,0,1,0.000247,0.1,0
123,47,0,1,0.000247,0.1,0
123,48,0,1,0.000247,0.1,0
123,49,0,1,0.000247,0.1,0
123,50,0,1,0.000247,0.1,0
123,51,0,1,0.000247,0.1,0
123,52,0,1,0.000247,0.1,0
123,53,0,1,0.000247,0.1,0
123,54,0,1,0.000247,0.1,0
123,55,0,1,0.000247,0.1,0
123,56,0,1,0.000247,0.1,0
123,57,0,1,0.000247,0.1,0
123,58,0,1,0.000247,0.1,0
123,59,0,1,0.000247,0.1,0
123,60,0,1,0.000247,0.1,0
123,61,0,1,0.000247,0.1,0
123,62,0,1,0.000247,0.1,0
123,63,0,1,0.000247,0.1,0
123,64,0,1,0.000247,0.1,0
123,65,0,1,0.000247,0.1,0
123,66,0,1,0.000247,0.1,0
123,67,0,1,0.000247,0.1,0
123,68,0,1,0.000247,0.1,0
123,69,0,1,0.000247,0.1,0
123,70,0,1,0.000247,0.1,0
123,71,0,1,0.000247,0.1,0
123,72,0,1,0.000247,0.1,0
123,73,0,1,0.000247,0.1,0
123,74,0,1,0.000247,0.1,0
123,75,0,1,0.000247,0.1,0
123,76,0,1,0.000247,0.1,0
123,77,0,1,0.000247,0.1,0
123,78,0,1,0.000247,0.1,0
123,79,0,1,0.000247,0.1,0
123,80,0,1,0.000247,0.1,0
123,81,0,1,0.000247,0.1,0
123,82,0,1,0.000247,0.1,0
123,83,0,1,0.000247,0.1,0
123,84,0,1,0.000247,0.1,0
123,85,0,1,0.000247,0.1,0
123,86,0,1,0.000247,0.1,0
123,87,0,1,0.000247,0.1,0
123,88,0,1,0.000247,0.1,0
123,89,0,1,0.000247,0.1,0
123,90,0,1,0.000247,0.1,0
123,91,0,1,0.000247,0.1,0
123,92,0,1,0.000247,0.1,0
123,93,0,1,0.000247,0.1,0
123,94,0,1,0.000247,0.1,0
123,95,0,1,0.000247,0.1,0
123,96,0,1,0.000247,0.1,0
123,97,0,1,0.000247,0.1,0
124,45,0,1,0.000247,0.1,0
124,46,0,1,0.000247,0.1,0
124,47,0,1,0.000247,0.1,0
124,48,0,1,0.000247,0.1,0
124,49,0,1,0.000247,0.1,0
124,50,0,1,0.000247,0.1,0
124,51,0,1,0.000247,0.1,0
124,52,0,1,0.000247,0.1,0
124,53,0,1,0.000247,0.1,0
124,54,0,1,0.000247,0.1,0
124,55,0,1,0.000247,0.1,0
124,56,0,1,0.000247,0.1,0
124,57,0,1,0.000247,0.1,0
124,58,0,1,0.000247,0.1,0
124,59,0,1,0.000247,0.1,0
124,60,0,1,0.000247,0.1,0
124,61,0,1,0.000247,0.1,0
124,62,0,1,0.000247,0.1,0
124,63,0,1,0.000247,0.1,0
124,64,0,1,0.000247,0.1,0
124,65,0,1,0.000247,0.1,0
124,66,0,1,0.000247,0.1,0
124,67,0,1,0.000247,0.1,0
124,68,0,1,0.000247,0.1,0
124,69,0,1,0.000247,0.1,0
124,70,0,1,0.000247,0.1,0
124,71,0,1,0.000247,0.1,0
124,72,0,1,0.000247,0.1,0
124,73,0,1,0.000247,0.1,0
124,74,0,1,0.000247,0.1,0
124,75,0,1,0.000247,0.1,0
124,76,0,1,0.000247,0.1,0
124,77,0,1,0.000247,0.1,0
124,78,0,1,0.000247,0.1,0
124,79,0,1,0.000247,0.1,0
124,80,0,1,0.000247,0.1,0
124,81,0,1,0.000247,0.1,0
124,82,0,1,0.000247,0.1,0
124,83,0,1,0.000247,0.1,0
124,84,0,1,0.000247,0.1,0
124,85,0,1,0.000247,0.1,0
124,86,0,1,0.000247,0.1,0
124,87,0,1,0.000247,0.1,0
124,88,0,1,0.000247,0.1,0
124,89,0,1,0.000247,0.1,0
124,90,0,1,0.000247,0.1,0
124,91,0,1,0.000247,0.1,0
124,92,0,1,0.000247,0.1,0
124,93,0,1,0.000247,0.1,0
124,94,0,1,0.000247,0.1,0
124,95,0,1,0.000247,0.1,0
124,96,0,1,0.000247,0.1,0
124,97,0,1,0.000247,0.1,0
125,44,0,1,0.000247,0.1,0
125,45,0,1,0.000247,0.1,0
125,46,0,1,0.000247,0.1,0
125,47,0,1,0.000247,0.1,0
125,48,0,1,0.000247,0.1,0
125,49,0,1,0.000247,0.1,0
125,50,0,1,0.000247,0.1,0
125,51,0,1,0.000247,0.1,0
125,52,0,1,0.000247,0.1,0
125,53,0,1,0.000247,0.1,0
125,54,0,1,0.000247,0.1,0
125,55,0,1,0.000247,0.1,0
125,56,0,1,0.000247,0.1,0
125,57,0,1,0.000247,0.1,0
125,58,0,1,0.000247,0.1,0
125,59,0,1,0.000247,0.1,0
125,60,0,1,0.000247,0.1,0
125,61,0,1,0.000247,0.1,0
125,62,0,1,0.000247,0.1,0
125,63,0,1,0.000247,0.1,0
125,64,0,1,0.000247,0.1,0
125,65,0,1,0.000247,0.1,0
125,66,0,1,0.000247,0.1,0
125,67,0,1,0.000247,0.1,0
125,68,0,1,0.000247,0.1,0
125,69,0,1,0.000247,0.1,0
125,70,0,1,0.000247,0.1,0
125,71,0,1,0.000247,0.1,0
125,72,0,1,0.000247,0.1,0
125,73,0,1,0.000247,0.1,0
125,74,0,1,0.000247,0.1,0
125,75,0,1,0.000247,0.1,0
125,76,0,1,0.000247,0.1,0
125,77,0,1,0.000247,0.1,0
125,78,0,1,0.000247,0.1,0
125,79,0,1,0.000247,0.1,0
125,80,0,1,0.000247,0.1,0
125,81,0,1,0.000247,0.1,0
125,82,0,1,0.000247,0.1,0
125,83,0,1,0.000247,0.1,0
125,84,0,1,0.000247,0.1,0
125,85,0,1,0.000247,0.1,0
125,86,0,1,0.000247,0.1,0
125,87,0,1,0.000247,0.1,0
125,88,0,1,0.000247,0.1,0
125,89,0,1,0.000247,0.1,0
125,90,0,1,0.000247,0.1,0
125,91,0,1,0.000247,0.1,0
125,92,0,1,0.000247,0.1,0
125,93,0,1,0.000247,0.1,0
125,94,0,1,0.000247,0.1,0
125,95,0,1,0.000247,0.1,0
125,96,0,1,0.000247,0.1,0
125,97,0,1,0.000247,0.1,0
126,43,0,1,0.000247,0.1,0
126,44,0,1,0.000247,0.1,0
126,45,0,1,0.000247,0.1,0
126,46,0,1,0.000247,0.1,0
126,47,0,1,0.000247,0.1,0
126,48,0,1,0.000247,0.1,0
126,49,0,1,0.000247,0.1,0
126,50,0,1,0.000247,0.1,0
126,51,0,1,0.000247,0.1,0
126,52,0,1,0.000247,0.1,0
126,53,0,1,0.000247,0.1,0
126,54,0,1,0.000247,0.1,0
126,55,0,1,0.000247,0.1,0
126,56,0,1,0.000247,0.1,0
126,57,0,1,0.000247,0.1,0
126,58,0,1,0.000247,0.1,0
126,59,0,1,0.000247,0.1,0
126,60,0,1,0.000247,0.1,0
126,61,0,1,0.000247,0.1,0
126,62,0,1,0.000247,0.1,0
126,63,0,1,0.000247,0.1,0
126,64,0,1,0.000247,0.1,0
126,65,0,1,0.000247,0.1,0
126,66,0,1,0.000247,0.1,0
126,67,0,1,0.000247,0.1,0
126,68,0,1,0.000247,0.1,0
126,69,0,1,0.000247,0.1,0
126,70,0,1,0.000247,0.1,0
126,71,0,1,0.000247,0.1,0
126,72,0,1,0.000247,0.1,0
126,73,0,1,0.000247,0.1,0
126,74,0,1,0.000247,0.1,0
126,75,0,1,0.000247,0.1,0
126,76,0,1,0.000247,0.1,0
126,77,0,1,0.000247,0.1,0
126,78,0,1,0.000247,0.1,0
126,79,0,1,0.000247,0.1,0
126,80,0,1,0.000247,0.1,0
126,81,0,1,0.000247,0.1,0
126,82,0,1,0.000247,0.1,0
126,83,0,1,0.000247,0.1,0
126,84,0,1,0.000247,0.1,0
126,85,0,1,0.000247,0.1,0
126,86,0,1,0.000247,0.1,0
126,87,0,1,0.000247,0.1,0
126,88,0,1,0.000247,0.1,0
126,89,0,1,0.000247,0.1,0
126,90,0,1,0.000247,0.1,0
126,91,0,1,0.000247,0.1,0
126,92,0,1,0.000247,0.1,0
126,93,0,1,0.000247,0.1,0
126,94,0,1,0.000247,0.1,0
126,95,0,1,0.000247,0.1,0
126,96,0,1,0.000247,0.1,0
126,97,0,1,0.000247,0.1,0
127,42,0,1,0.000247,0.1,0
127,43,0,1,0.000247,0.1,0
127,44,0,1,0.000247,0.1,0
127,45,0,1,0.000247,0.1,0
127,46,0,1,0.000247,0.1,0
127,47,0,1,0.000247,0.1,0
127,48,0,1,0.000247,0.1,0
127,49,0,1,0.000247,0.1,0
127,50,0,1,0.000247,0.1,0
127,51,0,1,0.000247,0.1,0
127,52,0,1,0.000247,0.1,0
127,53,0,1,0.000247,0.1,0
127,54,0,1,0.000247,0.1,0
127,55,0,1,0.000247,0.1,0
127,56,0,1,0.000247,0.1,0
127,57,0,1,0.000247,0.1,0
127,58,0,1,0.000247,0.1,0
127,59,0,1,0.000247,0.1,0
127,60,0,1,0.000247,0.1,0
127,61,0,1,0.000247,0.1,0
127,62,0,1,0.000247,0.1,0
127,63,0,1,0.000247,0.1,0
127,64,0,1,0.000247,0.1,0
127,65,0,1,0.000247,0.1,0
127,66,0,1,0.000247,0.1,0
127,67,0,1,0.000247,0.1,0
127,68,0,1,0.000247,0.1,0
127,69,0,1,0.000247,0.1,0
127,70,0,1,0.000247,0.1,0
127,71,0,1,0.000247,0.1,0
127,72,0,1,0.000247,0.1,0
127,73,0,1,0.000247,0.1,0
127,74,0,1,0.000247,0.1,0
127,75,0,1,0.000247,0.1,0
127,76,0,1,0.000247,0.1,0
127,77,0,1,0.000247,0.1,0
127,78,0,1,0.000247,0.1,0
127,79,0,1,0.000247,0.1,0
127,80,0,1,0.000247,0.1,0
127,81,0,1,0.000247,0.1,0
127,82,0,1,0.000247,0.1,0
127,83,0,1,0.000247,0.1,0
127,84,0,1,0.000247,0.1,0
127,85,0,1,0.000247,0.1,0
127,86,0,1,0.000247,0.1,0
127,87,0,1,0.000247,0.1,0
127,88,0,1,0.000247,0.1,0
127,89,0,1,0.000247,0.1,0
127,90,0,1,0.000247,0.1,0
127,91,0,1,0.000247,0.1,0
127,92,0,1,0.000247,0.1,0
127,93,0,1,0.000247,0.1,0
127,94,0,1,0.000247,0.1,0
127,95,0,1,0.000247,0.1,0
127,96,0,1,0.000247,0.1,0
127,97,0,1,0.000247,0.1,0
128,40,0,1,0.000247,0.1,0
128,41,0,1,0.000247,0.1,0
128,42,0,1,0.000247,0.1,0
128,43,0,1,0.000247,0.1,0
128,44,0,1,0.000247,0.1,0
128,45,0,1,0.000247,0.1,0
128,46,0,1,0.000247,0.1,0
128,47,0,1,0.000247,0.1,0
128,48,0,1,0.000247,0.1,0
128,49,0,1,0.000247,0.1,0
128,50,0,1,0.000247,0.1,0
128,51,0,1,0.000247,0.1,0
128,52,0,1,0.000247,0.1,0
128,53,0,1,0.000247,0.1,0
128,54,0,1,0.000247,0.1,0
128,55,0,1,0.000247,0.1,0
128,56,0,1,0.000247,0.1,0
128,57,0,1,0.000247,0.1,0
128,58,0,1,0.000247,0.1,0
128,59,0,1,0.000247,0.1,0
128,60,0,1,0.000247,0.1,0
128,61,0,1,0.000247,0.1,0
128,62,0,1,0.000247,0.1,0
128,63,0,1,0.000247,0.1,0
128,64,0,1,0.000247,0.1,0
128,65,0,1,0.000247,0.1,0
128,66,0,1,0.000247,0.1,0
128,67,0,1,0.000247,0.1,0
128,68,0,1,0.000247,0.1,0
128,69,0,1,0.000247,0.1,0
128,70,0,1,0.000247,0.1,0
128,71,0,1,0.000247,0.1,0
128,72,0,1,0.000247,0.1,0
128,73,0,1,0.000247,0.1,0
128,74,0,1,0.000247,0.1,0
128,75,0,1,0.000247,0.1,0
128,76,0,1,0.000247,0.1,0
128,77,0,1,0.000247,0.1,0
128,78,0,1,0.000247,0.1,0
128,79,0,1,0.000247,0.1,0
128,80,0,1,0.000247,0.1,0
128,81,0,1,0.000247,0.1,0
128,82,0,1,0.000247,0.1,0
128,83,0,1,0.000247,0.1,0
128,84,0,1,0.000247,0.1,0
128,85,0,1,0.000247,0.1,0
128,86,0,1,0.000247,0.1,0
128,87,0,1,0.000247,0.1,0
128,88,0,1,0.000247,0.1,0
128,89,0,1,0.000247,0.1,0
128,90,0,1,0.000247,0.1,0
128,91,0,1,0.000247,0.1,0
128,92,0,1,0.000247,0.1,0
128,93,0,1,0.000247,0.1,0
128,94,0,1,0.000247,0.1,0
128,95,0,1,0.000247,0.1,0
128,96,0,1,0.000247,0.1,0
128,97,0,1,0.000247,0.1,0
129,39,0,1,0.000247,0.1,0
129,40,0,1,0.000247,0.1,0
129,41,0,1,0.000247,0.1,0
129,42,0,1,0.000247,0.1,0
129,43,0,1,0.000247,0.1,0
129,44,0,1,0.000247,0.1,0
129,45,0,1,0.000247,0.1,0
129,46,0,1,0.000247,0.1,0
129,47,0,1,0.000247,0.1,0
129,48,0,1,0.000247,0.1,0
129,49,0,1,0.000247,0.1,0
129,50,0,1,0.000247,0.1,0
129,51,0,1,0.000247,0.1,0
129,52,0,1,0.000247,0.1,0
129,53,0,1,0.000247,0.1,0
129,54,0,1,0.000247,0.1,0
129,55,0,1,0.000247,0.1,0
129,56,0,1,0.000247,0.1,0
129,57,0,1,0.000247,0.1,0
129,58,0,1,0.000247,0.1,0
129,59,0,1,0.000247,0.1,0
129,60,0,1,0.000247,0.1,0
129,61,0,1,0.000247,0.1,0
129,62,0,1,0.000247,0.1,0
129,63,0,1,0.000247,0.1,0
129,64,0,1,0.000247,0.1,0
129,65,0,1,0.000247,0.1,0
129,66,0,1,0.000247,0.1,0
129,67,0,1,0.000247,0.1,0
129,68,0,1,0.000247,0.1,0
129,69,0,1,0.000247,0.1,0
129,70,0,1,0.000247,0.1,0
129,71,0,1,0.000247,0.1,0
129,72,0,1,0.000247,0.1,0
129,73,0,1,0.000247,0.1,0
129,74,0,1,0.000247,0.1,0
129,75,0,1,0.000247,0.1,0
129,76,0,1,0.000247,0.1,0
129,77,0,1,0.000247,0.1,0
129,78,0,1,0.000247,0.1,0
129,79,0,1,0.000247,0.1,0
129,80,0,1,0.000247,0.1,0
129,81,0,1,0.000247,0.1,0
129,82,0,1,0.000247,0.1,0
129,83,0,1,0.000247,0.1,0
129,84,0,1,0.000247,0.1,0
129,85,0,1,0.000247,0.1,0
129,86,0,1,0.000247,0.1,0
129,87,0,1,0.000247,0.1,0
129,88,0,1,0.000247,0.1,0
129,89,0,1,0.000247,0.1,0
129,90,0,1,0.000247,0.1,0
129,91,0,1,0.000247,0.1,0
129,92,0,1,0.000247,0.1,0
129,93,0,1,0.000247,0.1,0
129,94,0,1,0.000247,0.1,0
129,95,0,1,0.000247,0.1,0
129,96,0,1,0.000247,0.1,0
129,97,0,1,0.000247,0.1,0
130,38,0,1,0.000247,0.1,0
130,39,0,1,0.000247,0.1,0
130,40,0,1,0.000247,0.1,0
130,41,0,1,0.000247,0.1,0
130,42,0,1,0.000247,0.1,0
130,43,0,1,0.000247,0.1,0
130,44,0,1,0.000247,0.1,0
130,45,0,1,0.000247,0.1,0
130,46,0,1,0.000247,0.1,0
130,47,0,1,0.000247,0.1,0
130,48,0,1,0.000247,0.1,0
130,49,0,1,0.000247,0.1,0
130,50,0,1,0.000247,0.1,0
130,51,0,1,0.000247,0.1,0
130,52,0,1,0.000247,0.1,0
130,53,0,1,0.000247,0.1,0
130,54,0,1,0.000247,0.1,0
130,55,0,1,0.000247,0.1,0
130,56,0,1,0.000247,0.1,0
130,57,0,1,0.000247,0.1,0
130,58,0,1,0.000247,0.1,0
130,59,0,1,0.000247,0.1,0
130,60,0,1,0.000247,0.1,0
130,61,0,1,0.000247,0.1,0
130,62,0,1,0.000247,0.1,0
130,63,0,1,0.000247,0.1,0
130,64,0,1,0.000247,0.1,0
130,65,0,1,0.000247,0.1,0
130,66,0,1,0.000247,0.1,0
130,67,0,1,0.000247,0.1,0
130,68,0,1,0.000247,0.1,0
130,69,0,1,0.000247,0.1,0
130,70,0,1,0.000247,0.1,0
130,71,0,1,0.000247,0.1,0
130,72,0,1,0.000247,0.1,0
130,73,0,1,0.000247,0.1,0
130,74,0,1,0.000247,0.1,0
130,75,0,1,0.000247,0.1,0
130,76,0,1,0.000247,0.1,0
130,77,0,1,0.000247,0.1,0
130,78,0,1,0.000247,0.1,0
130,79,0,1,0.000247,0.1,0
130,80,0,1,0.000247,0.1,0
130,81,0,1,0.000247,0.1,0
130,82,0,1,0.000247,0.1,0
130,83,0,1,0.000247,0.1,0
130,84,0,1,0.000247,0.1,0
130,85,0,1,0.000247,0.1,0
130,86,0,1,0.000247,0.1,0
130,87,0,1,0.000247,0.1,0
130,88,0,1,0.000247,0.1,0
130,89,0,1,0.000247,0.1,0
130,90,0,1,0.000247,0.1,0
130,91,0,1,0.000247,0.1,0
130,92,0,1,0.000247,0.1,0
130,93,0,1,0.000247,0.1,0
130,94,0,1,0.000247,0.1,0
130,95,0,1,0.000247,0.1,0
130,96,0,1,0.000247,0.1,0
130,97,0,1,0.000247,0.1,0
131,37,0,1,0.000247,0.1,0
131,38,0,1,0.000247,0.1,0
131,39,0,1,0.000247,0.1,0
131,40,0,1,0.000247,0.1,0
131,41,0,1,0.000247,0.1,0
131,42,0,1,0.000247,0.1,0
131,43,0,1,0.000247,0.1,0
131,44,0,1,0.000247,0.1,0
131,45,0,1,0.000247,0.1,0
131,46,0,1,0.000247,0.1,0
131,47,0,1,0.000247,0.1,0
131,48,0,1,0.000247,0.1,0
131,49,0,1,0.000247,0.1,0
131,50,0,1,0.000247,0.1,0
131,51,0,1,0.000247,0.1,0
131,52,0,1,0.000247,0.1,0
131,53,0,1,0.000247,0.1,0
131,54,0,1,0.000247,0.1,0
131,55,0,1,0.000247,0.1,0
131,56,0,1,0.000247,0.1,0
131,57,0,1,0.000247,0.1,0
131,58,0,1,0.000247,0.1,0
131,59,0,1,0.000247,0.1,0
131,60,0,1,0.000247,0.1,0
131,61,0,1,0.000247,0.1,0
131,62,0,1,0.000247,0.1,0
131,63,0,1,0.000247,0.1,0
131,64,0,1,0.000247,0.1,0
131,65,0,1,0.000247,0.1,0
131,66,0,1,0.000247,0.1,0
131,67,0,1,0.000247,0.1,0
131,68,0,1,0.000247,0.1,0
131,69,0,1,0.000247,0.1,0
131,70,0,1,0.000247,0.1,0
131,71,0,1,0.000247,0.1,0
131,72,0,1,0.000247,0.1,0
131,73,0,1,0.000247,0.1,0
131,74,0,1,0.000247,0.1,0
131,75,0,1,0.000247,0.1,0
131,76,0,1,0.000247,0.1,0
131,77,0,1,0.000247,0.1,0
131,78,0,1,0.000247,0.1,0
131,79,0,1,0.000247,0.1,0
131,80,0,1,0.000247,0.1,0
131,81,0,1,0.000247,0.1,0
131,82,0,1,0.000247,0.1,0
131,83,0,1,0.000247,0.1,0
131,84,0,1,0.000247,0.1,0
131,85,0,1,0.000247,0.1,0
131,86,0,1,0.000247,0.1,0
131,87,0,1,0.000247,0.1,0
131,88,0,1,0.000247,0.1,0
131,89,0,1,0.000247,0.1,0
131,90,0,1,0.000247,0.1,0
131,91,0,1,0.000247,0.1,0
131,92,0,1,0.000247,0.1,0
131,93,0,1,0.000247,0.1,0
131,94,0,1,0.000247,0.1,0
131,95,0,1,0.000247,0.1,0
131,96,0,1,0.000247,0.1,0
131,97,0,1,0.000247,0.1,0
132,36,0,1,0.000247,0.1,0
132,37,0,1,0.000247,0.1,0
132,38,0,1,0.000247,0.1,0
132,39,0,1,0.000247,0.1,0
132,40,0,1,0.000247,0.1,0
132,41,0,1,0.000247,0.1,0
132,42,0,1,0.000247,0.1,0
132,43,0,1,0.000247,0.1,0
132,44,0,1,0.000247,0.1,0
132,45,0,1,0.000247,0.1,0
132,46,0,1,0.000247,0.1,0
132,47,0,1,0.000247,0.1,0
132,48,0,1,0.000247,0.1,0
132,49,0,1,0.000247,0.1,0
132,50,0,1,0.000247,0.1,0
132,51,0,1,0.000247,0.1,0
132,52,0,1,0.000247,0.1,0
132,53,0,1,0.000247,0.1,0
132,54,0,1,0.000247,0.1,0
132,55,0,1,0.000247,0.1,0
132,56,0,1,0.000247,0.1,0
132,57,0,1,0.000247,0.1,0
132,58,0,1,0.000247,0.1,0
132,59,0,1,0.000247,0.1,0
132,60,0,1,0.000247,0.1,0
132,61,0,1,0.000247,0.1,0
132,62,0,1,0.000247,0.1,0
132,63,0,1,0.000247,0.1,0
132,64,0,1,0.000247,0.1,0
132,65,0,1,0.000247,0.1,0
132,66,0,1,0.000247,0.1,0
132,67,0,1,0.000247,0.1,0
132,68,0,1,0.000247,0.1,0
132,69,0,1,0.000247,0.1,0
132,70,0,1,0.000247,0.1,0
132,71,0,1,0.000247,0.1,0
132,72,0,1,0.000247,0.1,0
132,73,0,1,0.000247,0.1,0
132,74,0,1,0.000247,0.1,0
132,75,0,1,0.000247,0.1,0
132,76,0,1,0.000247,0.1,0
132,77,0,1,0.000247,0.1,0
132,78,0,1,0.000247,0.1,0
132,79,0,1,0.000247,0.1,0
132,80,0,1,0.000247,0.1,0
132,81,0,1,0.000247,0.1,0
132,82,0,1,0.000247,0.1,0
132,83,0,1,0.000247,0.1,0
132,84,0,1,0.000247,0.1,0
132,85,0,1,0.000247,0.1,0
132,86,0,1,0.000247,0.1,0
132,87,0,1,0.000247,0.1,0
132,88,0,1,0.000247,0.1,0
132,89,0,1,0.000247,0.1,0
132,90,0,1,0.000247,0.1,0
132,91,0,1,0.000247,0.1,0
132,92,0,1,0.000247,0.1,0
132,93,0,1,0.000247,0.1,0
132,94,0,1,0.000247,0.1,0
132,95,0,1,0.000247,0.1,0
132,96,0,1,0.000247,0.1,0
132,97,0,1,0.000247,0.1,0
133,35,0,1,0.000247,0.1,0
133,36,0,1,0.000247,0.1,0
133,37,0,1,0.000247,0.1,0
133,38,0,1,0.000247,0.1,0
133,39,0,1,0.000247,0.1,0
133,40,0,1,0.000247,0.1,0
133,41,0,1,0.000247,0.1,0
133,42,0,1,0.000247,0.1,0
133,43,0,1,0.000247,0.1,0
133,44,0,1,0.000247,0.1,0
133,45,0,1,0.000247,0.1,0
133,46,0,1,0.000247,0.1,0
133,47,0,1,0.000247,0.1,0
133,48,0,1,0.000247,0.1,0
133,49,0,1,0.000247,0.1,0
133,50,0,1,0.000247,0.1,0
133,51,0,1,0.000247,0.1,0
133,52,0,1,0.000247,0.1,0
133,53,0,1,0.000247,0.1,0
133,54,0,1,0.000247,0.1,0
133,55,0,1,0.000247,0.1,0
133,56,0,1,0.000247,0.1,0
133,57,0,1,0.000247,0.1,0
133,58,0,1,0.000247,0.1,0
133,59,0,1,0.000247,0.1,0
133,60,0,1,0.000247,0.1,0
133,61,0,1,0.000247,0.1,0
133,62,0,1,0.000247,0.1,0
133,63,0,1,0.000247,0.1,0
133,64,0,1,0.000247,0.1,0
133,65,0,1,0.000247,0.1,0
133,66,0,1,0.000247,0.1,0
133,67,0,1,0.000247,0.1,0
133,68,0,1,0.000247,0.1,0
133,69,0,1,0.000247,0.1,0
133,70,0,1,0.000247,0.1,0
133,71,0,1,0.000247,0.1,0
133,72,0,1,0.000247,0.1,0
133,73,0,1,0.000247,0.1,0
133,74,0,1,0.000247,0.1,0
133,75,0,1,0.000247,0.1,0
133,76,0,1,0.000247,0.1,0
133,77,0,1,0.000247,0.1,0
133,78,0,1,0.000247,0.1,0
133,79,0,1,0.000247,0.1,0
133,80,0,1,0.000247,0.1,0
133,81,0,1,0.000247,0.1,0
133,82,0,1,0.000247,0.1,0
133,83,0,1,0.000247,0.1,0
133,84,0,1,0.000247,0.1,0
133,85,0,1,0.000247,0.1,0
133,86,0,1,0.000247,0.1,0
133,87,0,1,0.000247,0.1,0
133,88,0,1,0.000247,0.1,0
133,89,0,1,0.000247,0.1,0
133,90,0,1,0.000247,0.1,0
133,91,0,1,0.000247,0.1,0
133,92,0,1,0.000247,0.1,0
133,93,0,1,0.000247,0.1,0
133,94,0,1,0.000247,0.1,0
133,95,0,1,0.000247,0.1,0
133,96,0,1,0.000247,0.1,0
133,97,0,1,0.000247,0.1,0
134,34,0,1,0.000247,0.1,0
134,35,0,1,0.000247,0.1,0
134,36,0,1,0.000247,0.1,0
134,37,0,1,0.000247,0.1,0
134,38,0,1,0.000247,0.1,0
134,39,0,1,0.000247,0.1,0
134,40,0,1,0.000247,0.1,0
134,41,0,1,0.000247,0.1,0
134,42,0,1,0.000247,0.1,0
134,43,0,1,0.000247,0.1,0
134,44,0,1,0.000247,0.1,0
134,45,0,1,0.000247,0.1,0
134,46,0,1,0.000247,0.1,0
134,47,0,1,0.000247,0.1,0
134,48,0,1,0.000247,0.1,0
134,49,0,1,0.000247,0.1,0
134,50,0,1,0.000247,0.1,0
134,51,0,1,0.000247,0.1,0
134,52,0,1,0.000247,0.1,0
134,53,0,1,0.000247,0.1,0
134,54,0,1,0.000247,0.1,0
134,55,0,1,0.000247,0.1,0
134,56,0,1,0.000247,0.1,0
134,57,0,1,0.000247,0.1,0
134,58,0,1,0.000247,0.1,0
134,59,0,1,0.000247,0.1,0
134,60,0,1,0.000247,0.1,0
134,61,0,1,0.000247,0.1,0
134,62,0,1,0.000247,0.1,0
134,63,0,1,0.000247,0.1,0
134,64,0,1,0.000247,0.1,0
134,65,0,1,0.000247,0.1,0
134,66,0,1,0.000247,0.1,0
134,67,0,1,0.000247,0.1,0
134,68,0,1,0.000247,0.1,0
134,69,0,1,0.000247,0.1,0
134,70,0,1,0.000247,0.1,0
134,71,0,1,0.000247,0.1,0
134,72,0,1,0.000247,0.1,0
134,73,0,1,0.000247,0.1,0
134,74,0,1,0.000247,0.1,0
134,75,0,1,0.000247,0.1,0
134,76,0,1,0.000247,0.1,0
134,77,0,1,0.000247,0.1,0
134,78,0,1,0.000247,0.1,0
134,79,0,1,0.000247,0.1,0
134,80,0,1,0.000247,0.1,0
134,81,0,1,0.000247,0.1,0
134,82,0,1,0.000247,0.1,0
134,83,0,1,0.000247,0.1,0
134,84,0,1,0.000247,0.1,0
134,85,0,1,0.000247,0.1,0
134,86,0,1,0.000247,0.1,0
134,87,0,1,0.000247,0.1,0
134,88,0,1,0.000247,0.1,0
134,89,0,1,0.000247,0.1,0
134,90,0,1,0.000247,0.1,0
134,91,0,1,0.000247,0.1,0
134,92,0,1,0.000247,0.1,0
134,93,0,1,0.000247,0.1,0
134,94,0,1,0.000247,0.1,0
134,95,0,1,0.000247,0.1,0
134,96,0,1,0.000247,0.1,0
134,97,0,1,0.000247,0.1,0
135,33,0,1,0.000247,0.1,0
135,34,0,1,0.000247,0.1,0
135,35,0,1,0.000247,0.1,0
135,36,0,1,0.000247,0.1,0
135,37,0,1,0.000247,0.1,0
135,38,0,1,0.000247,0.1,0
135,39,0,1,0.000247,0.1,0
135,40,0,1,0.000247,0.1,0
135,41,0,1,0.000247,0.1,0
135,42,0,1,0.000247,0.1,0
135,43,0,1,0.000247,0.1,0
135,44,0,1,0.000247,0.1,0
135,45,0,1,0.000247,0.1,0
135,46,0,1,0.000247,0.1,0
135,47,0,1,0.000247,0.1,0
135,48,0,1,0.000247,0.1,0
135,49,0,1,0.000247,0.1,0
135,50,0,1,0.000247,0.1,0
135,51,0,1,0.000247,0.1,0
135,52,0,1,0.000247,0.1,0
135,53,0,1,0.000247,0.1,0
135,54,0,1,0.000247,0.1,0
135,55,0,1,0.000247,0.1,0
135,56,0,1,0.000247,0.1,0
135,57,0,1,0.000247,0.1,0
135,58,0,1,0.000247,0.1,0
135,59,0,1,0.000247,0.1,0
135,60,0,1,0.000247,0.1,0
135,61,0,1,0.000247,0.1,0
135,62,0,1,0.000247,0.1,0
135,63,0,1,0.000247,0.1,0
135,64,0,1,0.000247,0.1,0
135,65,0,1,0.000247,0.1,0
135,66,0,1,0.000247,0.1,0
135,67,0,1,0.000247,0.1,0
135,68,0,1,0.000247,0.1,0
135,69,0,1,0.000247,0.1,0
135,70,0,1,0.000247,0.1,0
135,71,0,1,0.000247,0.1,0
135,72,0,1,0.000247,0.1,0
135,73,0,1,0.000247,0.1,0
135,74,0,1,0.000247,0.1,0
135,75,0,1,0.000247,0.1,0
135,76,0,1,0.000247,0.1,0
135,77,0,1,0.000247,0.1,0
135,78,0,1,0.000247,0.1,0
135,79,0,1,0.000247,0.1,0
135,80,0,1,0.000247,0.1,0
135,81,0,1,0.000247,0.1,0
135,82,0,1,0.000247,0.1,0
135,83,0,1,0.000247,0.1,0
135,84,0,1,0.000247,0.1,0
135,85,0,1,0.000247,0.1,0
135,86,0,1,0.000247,0.1,0
135,87,0,1,0.000247,0.1,0
135,88,0,1,0.000247,0.1,0
135,89,0,1,0.000247,0.1,0
135,90,0,1,0.000247,0.1,0
135,91,0,1,0.000247,0.1,0
135,92,0,1,0.000247,0.1,0
135,93,0,1,0.000247,0.1,0
135,94,0,1,0.000247,0.1,0
135,95,0,1,0.000247,0.1,0
135,96,0,1,0.000247,0.1,0
135,97,0,1,0.000247,0.1,0
136,32,0,1,0.000247,0.1,0
136,33,0,1,0.000247,0.1,0
136,34,0,1,0.000247,0.1,0
136,35,0,1,0.000247,0.1,0
136,36,0,1,0.000247,0.1,0
136,37,0,1,0.000247,0.1,0
136,38,0,1,0.000247,0.1,0
136,39,0,1,0.000247,0.1,0
136,40,0,1,0.000247,0.1,0
136,41,0,1,0.000247,0.1,0
136,42,0,1,0.000247,0.1,0
136,43,0,1,0.000247,0.1,0
136,44,0,1,0.000247,0.1,0
136,45,0,1,0.000247,0.1,0
136,46,0,1,0.000247,0.1,0
136,47,0,1,0.000247,0.1,0
136,48,0,1,0.000247,0.1,0
136,49,0,1,0.000247,0.1,0
136,50,0,1,0.000247,0.1,0
136,51,0,1,0.000247,0.1,0
136,52,0,1,0.000247,0.1,0
136,53,0,1,0.000247,0.1,0
136,54,0,1,0.000247,0.1,0
136,55,0,1,0.000247,0.1,0
136,56,0,1,0.000247,0.1,0
136,57,0,1,0.000247,0.1,0
136,58,0,1,0.000247,0.1,0
136,59,0,1,0.000247,0.1,0
136,60,0,1,0.000247,0.1,0
136,61,0,1,0.000247,0.1,0
136,62,0,1,0.000247,0.1,0
136,63,0,1,0.000247,0.1,0
136,64,0,1,0.000247,0.1,0
136,65,0,1,0.000247,0.1,0
136,66,0,1,0.000247,0.1,0
136,67,0,1,0.000247,0.1,0
136,68,0,1,0.000247,0.1,0
136,69,0,1,0.000247,0.1,0
136,70,0,1,0.000247,0.1,0
136,71,0,1,0.000247,0.1,0
136,72,0,1,0.000247,0.1,0
136,73,0,1,0.000247,0.1,0
136,74,0,1,0.000247,0.1,0
136,75,0,1,0.000247,0.1,0
136,76,0,1,0.000247,0.1,0
136,77,0,1,0.000247,0.1,0
136,78,0,1,0.000247,0.1,0
136,79,0,1,0.000247,0.1,0
136,80,0,1,0.000247,0.1,0
136,81,0,1,0.000247,0.1,0
136,82,0,1,0.000247,0.1,0
136,83,0,1,0.000247,0.1,0
136,84,0,1,0.000247,0.1,0
136,85,0,1,0.000247,0.1,0
136,86,0,1,0.000247,0.1,0
136,87,0,1,0.000247,0.1,0
136,88,0,1,0.000247,0.1,0
136,89,0,1,0.000247,0.1,0
136,90,0,1,0.000247,0.1,0
136,91,0,1,0.000247,0.1,0
136,92,0,1,0.000247,0.1,0
136,93,0,1,0.000247,0.1,0
136,94,0,1,0.000247,0.1,0
136,95,0,1,0.000247,0.1,0
136,96,0,1,0.000247,0.1,0
136,97,0,1,0.000247,0.1,0
137,31,0,1,0.000247,0.1,0
137,32,0,1,0.000247,0.1,0
137,33,0,1,0.000247,0.1,0
137,34,0,1,0.000247,0.1,0
137,35,0,1,0.000247,0.1,0
137,36,0,1,0.000247,0.1,0
137,37,0,1,0.000247,0.1,0
137,38,0,1,0.000247,0.1,0
137,39,0,1,0.000247,0.1,0
137,40,0,1,0.000247,0.1,0
137,41,0,1,0.000247,0.1,0
137,42,0,1,0.000247,0.1,0
137,43,0,1,0.000247,0.1,0
137,44,0,1,0.000247,0.1,0
137,45,0,1,0.000247,0.1,0
137,46,0,1,0.000247,0.1,0
137,47,0,1,0.000247,0.1,0
137,48,0,1,0.000247,0.1,0
137,49,0,1,0.000247,0.1,0
137,50,0,1,0.000247,0.1,0
137,51,0,1,0.000247,0.1,0
137,52,0,1,0.000247,0.1,0
137,53,0,1,0.000247,0.1,0
137,54,0,1,0.000247,0.1,0
137,55,0,1,0.000247,0.1,0
137,56,0,1,0.000247,0.1,0
137,57,0,1,0.000247,0.1,0
137,58,0,1,0.000247,0.1,0
137,59,0,1,0.000247,0.1,0
137,60,0,1,0.000247,0.1,0
137,61,0,1,0.000247,0.1,0
137,62,0,1,0.000247,0.1,0
137,63,0,1,0.000247,0.1,0
137,64,0,1,0.000247,0.1,0
137,65,0,1,0.000247,0.1,0
137,66,0,1,0.000247,0.1,0
137,67,0,1,0.000247,0.1,0
137,68,0,1,0.000247,0.1,0
137,69,0,1,0.000247,0.1,0
137,70,0,1,0.000247,0.1,0
137,71,0,1,0.000247,0.1,0
137,72,0,1,0.000247,0.1,0
137,73,0,1,0.000247,0.1,0
137,74,0,1,0.000247,0.1,0
137,75,0,1,0.000247,0.1,0
137,76,0,1,0.000247,0.1,0
137,77,0,1,0.000247,0.1,0
137,78,0,1,0.000247,0.1,0
137,79,0,1,0.000247,0.1,0
137,80,0,1,0.000247,0.1,0
137,81,0,1,0.000247,0.1,0
137,82,0,1,0.000247,0.1,0
137,83,0,1,0.000247,0.1,0
137,84,0,1,0.000247,0.1,0
137,85,0,1,0.000247,0.1,0
137,86,0,1,0.000247,0.1,0
137,87,0,1,0.000247,0.1,0
137,88,0,1,0.000247,0.1,0
137,89,0,1,0.000247,0.1,0
137,90,0,1,0.000247,0.1,0
137,91,0,1,0.000247,0.1,0
137,92,0,1,0.000247,0.1,0
137,93,0,1,0.000247,0.1,0
137,94,0,1,0.000247,0.1,0
137,95,0,1,0.000247,0.1,0
137,96,0,1,0.000247,0.1,0
137,97,0,1,0.000247,0.1,0
138,30,0,1,0.000247,0.1,0
138,31,0,1,0.000247,0.1,0
138,32,0,1,0.000247,0.1,0
138,33,0,1,0.000247,0.1,0
138,34,0,1,0.000247,0.1,0
138,35,0,1,0.000247,0.1,0
138,36,0,1,0.000247,0.1,0
138,37,0,1,0.000247,0.1,0
138,38,0,1,0.000247,0.1,0
138,39,0,1,0.000247,0.1,0
138,40,0,1,0.000247,0.1,0
138,41,0,1,0.000247,0.1,0
138,42,0,1,0.000247,0.1,0
138,43,0,1,0.000247,0.1,0
138,44,0,1,0.000247,0.1,0
138,45,0,1,0.000247,0.1,0
138,46,0,1,0.000247,0.1,0
138,47,0,1,0.000247,0.1,0
138,48,0,1,0.000247,0.1,0
138,49,0,1,0.000247,0.1,0
138,50,0,1,0.000247,0.1,0
138,51,0,1,0.000247,0.1,0
138,52,0,1,0.000247,0.1,0
138,53,0,1,0.000247,0.1,0
138,54,0,1,0.000247,0.1,0
138,55,0,1,0.000247,0.1,0
138,56,0,1,0.000247,0.1,0
138,57,0,1,0.000247,0.1,0
138,58,0,1,0.000247,0.1,0
138,59,0,1,0.000247,0.1,0
138,60,0,1,0.000247,0.1,0
138,61,0,1,0.000247,0.1,0
138,62,0,1,0.000247,0.1,0
138,63,0,1,0.000247,0.1,0
138,64,0,1,0.000247,0.1,0
138,65,0,1,0.000247,0.1,0
138,66,0,1,0.000247,0.1,0
138,67,0,1,0.000247,0.1,0
138,68,0,1,0.000247,0.1,0
138,69,0,1,0.000247,0.1,0
138,70,0,1,0.000247,0.1,0
138,71,0,1,0.000247,0.1,0
138,72,0,1,0.000247,0.1,0
138,73,0,1,0.000247,0.1,0
138,74,0,1,0.000247,0.1,0
138,75,0,1,0.000247,0.1,0
138,76,0,1,0.000247,0.1,0
138,77,0,1,0.000247,0.1,0
138,78,0,1,0.000247,0.1,0
138,79,0,1,0.000247,0.1,0
138,80,0,1,0.000247,0.1,0
138,81,0,1,0.000247,0.1,0
138,82,0,1,0.000247,0.1,0
138,83,0,1,0.000247,0.1,0
138,84,0,1,0.000247,0.1,0
138,85,0,1,0.000247,0.1,0
138,86,0,1,0.000247,0.1,0
138,87,0,1,0.000247,0.1,0
138,88,0,1,0.000247,0.1,0
138,89,0,1,0.000247,0.1,0
138,90,0,1,0.000247,0.1,0
138,91,0,1,0.000247,0.1,0
138,92,0,1,0.000247,0.1,0
138,93,0,1,0.000247,0.1,0
138,94,0,1,0.000247,0.1,0
138,95,0,1,0.000247,0.1,0
138,96,0,1,0.000247,0.1,0
138,97,0,1,0.000247,0.1,0
139,29,0,1,0.000247,0.1,0
139,30,0,1,0.000247,0.1,0
139,31,0,1,0.000247,0.1,0
139,32,0,1,0.000247,0.1,0
139,33,0,1,0.000247,0.1,0
139,34,0,1,0.000247,0.1,0
139,35,0,1,0.000247,0.1,0
139,36,0,1,0.000247,0.1,0
139,37,0,1,0.000247,0.1,0
139,38,0,1,0.000247,0.1,0
139,39,0,1,0.000247,0.1,0
139,40,0,1,0.000247,0.1,0
139,41,0,1,0.000247,0.1,0
139,42,0,1,0.000247,0.1,0
139,43,0,1,0.000247,0.1,0
139,44,0,1,0.000247,0.1,0
139,45,0,1,0.000247,0.1,0
139,46,0,1,0.000247,0.1,0
139,47,0,1,0.000247,0.1,0
139,48,0,1,0.000247,0.1,0
139,49,0,1,0.000247,0.1,0
139,50,0,1,0.000247,0.1,0
139,51,0,1,0.000247,0.1,0
139,52,0,1,0.000247,0.1,0
139,53,0,1,0.000247,0.1,0
139,54,0,1,0.000247,0.1,0
139,55,0,1,0.000247,0.1,0
139,56,0,1,0.000247,0.1,0
139,57,0,1,0.000247,0.1,0
139,58,0,1,0.000247,0.1,0
139,59,0,1,0.000247,0.1,0
139,60,0,1,0.000247,0.1,0
139,61,0,1,0.000247,0.1,0
139,62,0,1,0.000247,0.1,0
139,63,0,1,0.000247,0.1,0
139,64,0,1,0.000247,0.1,0
139,65,0,1,0.000247,0.1,0
139,66,0,1,0.000247,0.1,0
139,67,0,1,0.000247,0.1,0
139,68,0,1,0.000247,0.1,0
139,69,0,1,0.000247,0.1,0
139,70,0,1,0.000247,0.1,0
139,71,0,1,0.000247,0.1,0
139,72,0,1,0.000247,0.1,0
139,73,0,1,0.000247,0.1,0
139,74,0,1,0.000247,0.1,0
139,75,0,1,0.000247,0.1,0
139,76,0,1,0.000247,0.1,0
139,77,0,1,0.000247,0.1,0
139,78,0,1,0.000247,0.1,0
139,79,0,1,0.000247,0.1,0
139,80,0,1,0.000247,0.1,0
139,81,0,1,0.000247,0.1,0
139,82,0,1,0.000247,0.1,0
139,83,0,1,0.000247,0.1,0
139,84,0,1,0.000247,0.1,0
139,85,0,1,0.000247,0.1,0
139,86,0,1,0.000247,0.1,0
139,87,0,1,0.000247,0.1,0
139,88,0,1,0.000247,0.1,0
139,89,0,1,0.000247,0.1,0
139,90,0,1,0.000247,0.1,0
139,91,0,1,0.000247,0.1,0
139,92,0,1,0.000247,0.1,0
139,93,0,1,0.000247,0.1,0
139,94,0,1,0.000247,0.1,0
139,95,0,1,0.000247,0.1,0
139,96,0,1,0.000247,0.1,0
139,97,0,1,0.000247,0.1,0
140,28,0,1,0.000247,0.1,0
140,29,0,1,0.000247,0.1,0
140,30,0,1,0.000247,0.1,0
140,31,0,1,0.000247,0.1,0
140,32,0,1,0.000247,0.1,0
140,33,0,1,0.000247,0.1,0
140,34,0,1,0.000247,0.1,0
140,35,0,1,0.000247,0.1,0
140,36,0,1,0.000247,0.1,0
140,37,0,1,0.000247,0.1,0
140,38,0,1,0.000247,0.1,0
140,39,0,1,0.000247,0.1,0
140,40,0,1,0.000247,0.1,0
140,41,0,1,0.000247,0.1,0
140,42,0,1,0.000247,0.1,0
140,43,0,1,0.000247,0.1,0
140,44,0,1,0.000247,0.1,0
140,45,0,1,0.000247,0.1,0
140,46,0,1,0.000247,0.1,0
140,47,0,1,0.000247,0.1,0
140,48,0,1,0.000247,0.1,0
140,49,0,1,0.000247,0.1,0
140,50,0,1,0.000247,0.1,0
140,51,0,1,0.000247,0.1,0
140,52,0,1,0.000247,0.1,0
140,53,0,1,0.000247,0.1,0
140,54,0,1,0.000247,0.1,0
140,55,0,1,0.000247,0.1,0
140,56,0,1,0.000247,0.1,0
140,57,0,1,0.000247,0.1,0
140,58,0,1,0.000247,0.1,0
140,59,0,1,0.000247,0.1,0
140,60,0,1,0.000247,0.1,0
140,61,0,1,0.000247,0.1,0
140,62,0,1,0.000247,0.1,0
140,63,0,1,0.000247,0.1,0
140,64,0,1,0.000247,0.1,0
140,65,0,1,0.000247,0.1,0
140,66,0,1,0.000247,0.1,0
140,67,0,1,0.000247,0.1,0
140,68,0,1,0.000247,0.1,0
140,69,0,1,0.000247,0.1,0
140,70,0,1,0.000247,0.1,0
140,71,0,1,0.000247,0.1,0
140,72,0,1,0.000247,0.1,0
140,73,0,1,0.000247,0.1,0
140,74,0,1,0.000247,0.1,0
140,75,0,1,0.000247,0.1,0
140,76,0,1,0.000247,0.1,0
140,77,0,1,0.000247,0.1,0
140,78,0,1,0.000247,0.1,0
140,79,0,1,0.000247,0.1,0
140,80,0,1,0.000247,0.1,0
140,81,0,1,0.000247,0.1,0
140,82,0,1,0.000247,0.1,0
140,83,0,1,0.000247,0.1,0
140,84,0,1,0.000247,0.1,0
140,85,0,1,0.000247,0.1,0
140,86,0,1,0.000247,0.1,0
140,87,0,1,0.000247,0.1,0
140,88,0,1,0.000247,0.1,0
140,89,0,1,0.000247,0.1,0
140,90,0,1,0.000247,0.1,0
140,91,0,1,0.000247,0.1,0
140,92,0,1,0.000247,0.1,0
140,93,0,1,0.000247,0.1,0
140,94,0,1,0.000247,0.1,0
140,95,0,1,0.000247,0.1,0
140,96,0,1,0.000247,0.1,0
140,97,0,1,0.000247,0.1,0
141,27,0,1,0.000247,0.1,0
141,28,0,1,0.000247,0.1,0
141,29,0,1,0.000247,0.1,0
141,30,0,1,0.000247,0.1,0
141,31,0,1,0.000247,0.1,0
141,32,0,1,0.000247,0.1,0
141,33,0,1,0.000247,0.1,0
141,34,0,1,0.000247,0.1,0
141,35,0,1,0.000247,0.1,0
141,36,0,1,0.000247,0.1,0
141,37,0,1,0.000247,0.1,0
141,38,0,1,0.000247,0.1,0
141,39,0,1,0.000247,0.1,0
141,40,0,1,0.000247,0.1,0
141,41,0,1,0.000247,0.1,0
141,42,0,1,0.000247,0.1,0
141,43,0,1,0.000247,0.1,0
141,44,0,1,0.000247,0.1,0
141,45,0,1,0.000247,0.1,0
141,46,0,1,0.000247,0.1,0
141,47,0,1,0.000247,0.1,0
141,48,0,1,0.000247,0.1,0
141,49,0,1,0.000247,0.1,0
141,50,0,1,0.000247,0.1,0
141,51,0,1,0.000247,0.1,0
141,52,0,1,0.000247,0.1,0
141,53,0,1,0.000247,0.1,0
141,54,0,1,0.000247,0.1,0
141,55,0,1,0.000247,0.1,0
141,56,0,1,0.000247,0.1,0
141,57,0,1,0.000247,0.1,0
141,58,0,1,0.000247,0.1,0
141,59,0,1,0.000247,0.1,0
141,60,0,1,0.000247,0.1,0
141,61,0,1,0.000247,0.1,0
141,62,0,1,0.000247,0.1,0
141,63,0,1,0.000247,0.1,0
141,64,0,1,0.000247,0.1,0
141,65,0,1,0.000247,0.1,0
141,66,0,1,0.000247,0.1,0
141,67,0,1,0.000247,0.1,0
141,68,0,1,0.000247,0.1,0
141,69,0,1,0.000247,0.1,0
141,70,0,1,0.000247,0.1,0
141,71,0,1,0.000247,0.1,0
141,72,0,1,0.000247,0.1,0
141,73,0,1,0.000247,0.1,0
141,74,0,1,0.000247,0.1,0
141,75,0,1,0.000247,0.1,0
141,76,0,1,0.000247,0.1,0
141,77,0,1,0.000247,0.1,0
141,78,0,1,0.000247,0.1,0
141,79,0,1,0.000247,0.1,0
141,80,0,1,0.000247,0.1,0
141,81,0,1,0.000247,0.1,0
141,82,0,1,0.000247,0.1,0
141,83,0,1,0.000247,0.1,0
141,84,0,1,0.000247,0.1,0
141,85,0,1,0.000247,0.1,0
141,86,0,1,0.000247,0.1,0
141,87,0,1,0.000247,0.1,0
141,88,0,1,0.000247,0.1,0
141,89,0,1,0.000247,0.1,0
141,90,0,1,0.000247,0.1,0
141,91,0,1,0.000247,0.1,0
141,92,0,1,0.000247,0.1,0
141,93,0,1,0.000247,0.1,0
141,94,0,1,0.000247,0.1,0
141,95,0,1,0.000247,0.1,0
141,96,0,1,0.000247,0.1,0
141,97,0,1,0.000247,0.1,0
142,26,0,1,0.000247,0.1,0
142,27,0,1,0.000247,0.1,0
142,28,0,1,0.000247,0.1,0
142,29,0,1,0.000247,0.1,0
142,30,0,1,0.000247,0.1,0
142,31,0,1,0.000247,0.1,0
142,32,0,1,0.000247,0.1,0
142,33,0,1,0.000247,0.1,0
142,34,0,1,0.000247,0.1,0
142,35,0,1,0.000247,0.1,0
142,36,0,1,0.000247,0.1,0
142,37,0,1,0.000247,0.1,0
142,38,0,1,0.000247,0.1,0
142,39,0,1,0.000247,0.1,0
142,40,0,1,0.000247,0.1,0
142,41,0,1,0.000247,0.1,0
142,42,0,1,0.000247,0.1,0
142,43,0,1,0.000247,0.1,0
142,44,0,1,0.000247,0.1,0
142,45,0,1,0.000247,0.1,0
142,46,0,1,0.000247,0.1,0
142,47,0,1,0.000247,0.1,0
142,48,0,1,0.000247,0.1,0
142,49,0,1,0.000247,0.1,0
142,50,0,1,0.000247,0.1,0
142,51,0,1,0.000247,0.1,0
142,52,0,1,0.000247,0.1,0
142,53,0,1,0.000247,0.1,0
142,54,0,1,0.000247,0.1,0
142,55,0,1,0.000247,0.1,0
142,56,0,1,0.000247,0.1,0
142,57,0,1,0.000247,0.1,0
142,58,0,1,0.000247,0.1,0
142,59,0,1,0.000247,0.1,0
142,60,0,1,0.000247,0.1,0
142,61,0,1,0.000247,0.1,0
142,62,0,1,0.000247,0.1,0
142,63,0,1,0.000247,0.1,0
142,64,0,1,0.000247,0.1,0
142,65,0,1,0.000247,0.1,0
142,66,0,1,0.000247,0.1,0
142,67,0,1,0.000247,0.1,0
142,68,0,1,0.000247,0.1,0
142,69,0,1,0.000247,0.1,0
142,70,0,1,0.000247,0.1,0
142,71,0,1,0.000247,0.1,0
142,72,0,1,0.000247,0.1,0
142,73,0,1,0.000247,0.1,0
142,74,0,1,0.000247,0.1,0
142,75,0,1,0.000247,0.1,0
142,76,0,1,0.000247,0.1,0
142,77,0,1,0.000247,0.1,0
142,78,0,1,0.000247,0.1,0
142,79,0,1,0.000247,0.1,0
142,80,0,1,0.000247,0.1,0
142,81,0,1,0.000247,0.1,0
142,82,0,1,0.000247,0.1,0
142,83,0,1,0.000247,0.1,0
142,84,0,1,0.000247,0.1,0
142,85,0,1,0.000247,0.1,0
142,86,0,1,0.000247,0.1,0
142,87,0,1,0.000247,0.1,0
142,88,0,1,0.000247,0.1,0
142,89,0,1,0.000247,0.1,0
142,90,0,1,0.000247,0.1,0
142,91,0,1,0.000247,0.1,0
142,92,0,1,0.000247,0.1,0
142,93,0,1,0.000247,0.1,0
142,94,0,1,0.000247,0.1,0
142,95,0,1,0.000247,0.1,0
142,96,0,1,0.000247,0.1,0
142,97,0,1,0.000247,0.1,0
143,25,0,1,0.000247,0.1,0
143,26,0,1,0.000247,0.1,0
143,27,0,1,0.000247,0.1,0
143,28,0,1,0.000247,0.1,0
143,29,0,1,0.000247,0.1,0
143,30,0,1,0.000247,0.1,0
143,31,0,1,0.000247,0.1,0
143,32,0,1,0.000247,0.1,0
143,33,0,1,0.000247,0.1,0
143,34,0,1,0.000247,0.1,0
143,35,0,1,0.000247,0.1,0
143,36,0,1,0.000247,0.1,0
143,37,0,1,0.000247,0.1,0
143,38,0,1,0.000247,0.1,0
143,39,0,1,0.000247,0.1,0
143,40,0,1,0.000247,0.1,0
143,41,0,1,0.000247,0.1,0
143,42,0,1,0.000247,0.1,0
143,43,0,1,0.000247,0.1,0
143,44,0,1,0.000247,0.1,0
143,45,0,1,0.000247,0.1,0
143,46,0,1,0.000247,0.1,0
143,47,0,1,0.000247,0.1,0
143,48,0,1,0.000247,0.1,0
143,49,0,1,0.000247,0.1,0
143,50,0,1,0.000247,0.1,0
143,51,0,1,0.000247,0.1,0
143,52,0,1,0.000247,0.1,0
143,53,0,1,0.000247,0.1,0
143,54,0,1,0.000247,0.1,0
143,55,0,1,0.000247,0.1,0
143,56,0,1,0.000247,0.1,0
143,57,0,1,0.000247,0.1,0
143,58,0,1,0.000247,0.1,0
143,59,0,1,0.000247,0.1,0
143,60,0,1,0.000247,0.1,0
143,61,0,1,0.000247,0.1,0
143,62,0,1,0.000247,0.1,0
143,63,0,1,0.000247,0.1,0
143,64,0,1,0.000247,0.1,0
143,65,0,1,0.000247,0.1,0
143,66,0,1,0.000247,0.1,0
143,67,0,1,0.000247,0.1,0
143,68,0,1,0.000247,0.1,0
143,69,0,1,0.000247,0.1,0
143,70,0,1,0.000247,0.1,0
143,71,0,1,0.000247,0.1,0
143,72,0,1,0.000247,0.1,0
143,73,0,1,0.000247,0.1,0
143,74,0,1,0.000247,0.1,0
143,75,0,1,0.000247,0.1,0
143,76,0,1,0.000247,0.1,0
143,77,0,1,0.000247,0.1,0
143,78,0,1,0.000247,0.1,0
143,79,0,1,0.000247,0.1,0
143,80,0,1,0.000247,0.1,0
143,81,0,1,0.000247,0.1,0
143,82,0,1,0.000247,0.1,0
143,83,0,1,0.000247,0.1,0
143,84,0,1,0.000247,0.1,0
143,85,0,1,0.000247,0.1,0
143,86,0,1,0.000247,0.1,0
143,87,0,1,0.000247,0.1,0
143,88,0,1,0.000247,0.1,0
143,89,0,1,0.000247,0.1,0
143,90,0,1,0.000247,0.1,0
143,91,0,1,0.000247,0.1,0
143,92,0,1,0.000247,0.1,0
143,93,0,1,0.000247,0.1,0
143,94,0,1,0.000247,0.1,0
143,95,0,1,0.000247,0.1,0
143,96,0,1,0.000247,0.1,0
143,97,0,1,0.000247,0.1,0
144,24,0,1,0.000247,0.1,0
144,25,0,1,0.000247,0.1,0
144,26,0,1,0.000247,0.1,0
144,27,0,1,0.000247,0.1,0
144,28,0,1,0.000247,0.1,0
144,29,0,1,0.000247,0.1,0
144,30,0,1,0.000247,0.1,0
144,31,0,1,0.000247,0.1,0
144,32,0,1,0.000247,0.1,0
144,33,0,1,0.000247,0.1,0
144,34,0,1,0.000247,0.1,0
144,35,0,1,0.000247,0.1,0
144,36,0,1,0.000247,0.1,0
144,37,0,1,0.000247,0.1,0
144,38,0,1,0.000247,0.1,0
144,39,0,1,0.000247,0.1,0
144,40,0,1,0.000247,0.1,0
144,41,0,1,0.000247,0.1,0
144,42,0,1,0.000247,0.1,0
144,43,0,1,0.000247,0.1,0
144,44,0,1,0.000247,0.1,0
144,45,0,1,0.000247,0.1,0
144,46,0,1,0.000247,0.1,0
144,47,0,1,0.000247,0.1,0
144,48,0,1,0.000247,0.1,0
144,49,0,1,0.000247,0.1,0
144,50,0,1,0.000247,0.1,0
144,51,0,1,0.000247,0.1,0
144,52,0,1,0.000247,0.1,0
144,53,0,1,0.000247,0.1,0
144,54,0,1,0.000247,0.1,0
144,55,0,1,0.000247,0.1,0
144,56,0,1,0.000247,0.1,0
144,57,0,1,0.000247,0.1,0
144,58,0,1,0.000247,0.1,0
144,59,0,1,0.000247,0.1,0
144,60,0,1,0.000247,0.1,0
144,61,0,1,0.000247,0.1,0
144,62,0,1,0.000247,0.1,0
144,63,0,1,0.000247,0.1,0
144,64,0,1,0.000247,0.1,0
144,65,0,1,0.000247,0.1,0
144,66,0,1,0.000247,0.1,0
144,67,0,1,0.000247,0.1,0
144,68,0,1,0.000247,0.1,0
144,69,0,1,0.000247,0.1,0
144,70,0,1,0.000247,0.1,0
144,71,0,1,0.000247,0.1,0
144,72,0,1,0.000247,0.1,0
144,73,0,1,0.000247,0.1,0
144,74,0,1,0.000247,0.1,0
144,75,0,1,0.000247,0.1,0
144,76,0,1,0.000247,0.1,0
144,77,0,1,0.000247,0.1,0
144,78,0,1,0.000247,0.1,0
144,79,0,1,0.000247,0.1,0
144,80,0,1,0.000247,0.1,0
144,81,0,1,0.000247,0.1,0
144,82,0,1,0.000247,0.1,0
144,83,0,1,0.000247,0.1,0
144,84,0,1,0.000247,0.1,0
144,85,0,1,0.000247,0.1,0
144,86,0,1,0.000247,0.1,0
144,87,0,1,0.000247,0.1,0
144,88,0,1,0.000247,0.1,0
144,89,0,1,0.000247,0.1,0
144,90,0,1,0.000247,0.1,0
144,91,0,1,0.000247,0.1,0
144,92,0,1,0.000247,0.1,0
144,93,0,1,0.000247,0.1,0
144,94,0,1,0.000247,0.1,0
144,95,0,1,0.000247,0.1,0
144,96,0,1,0.000247,0.1,0
144,97,0,1,0.000247,0.1,0
145,23,0,1,0.000247,0.1,0
145,24,0,1,0.000247,0.1,0
145,25,0,1,0.000247,0.1,0
145,26,0,1,0.000247,0.1,0
145,27,0,1,0.000247,0.1,0
145,28,0,1,0.000247,0.1,0
145,29,0,1,0.000247,0.1,0
145,30,0,1,0.000247,0.1,0
145,31,0,1,0.000247,0.1,0
145,32,0,1,0.000247,0.1,0
145,33,0,1,0.000247,0.1,0
145,34,0,1,0.000247,0.1,0
145,35,0,1,0.000247,0.1,0
145,36,0,1,0.000247,0.1,0
145,37,0,1,0.000247,0.1,0
145,38,0,1,0.000247,0.1,0
145,39,0,1,0.000247,0.1,0
145,40,0,1,0.000247,0.1,0
145,41,0,1,0.000247,0.1,0
145,42,0,1,0.000247,0.1,0
145,43,0,1,0.000247,0.1,0
145,44,0,1,0.000247,0.1,0
145,45,0,1,0.000247,0.1,0
145,46,0,1,0.000247,0.1,0
145,47,0,1,0.000247,0.1,0
145,48,0,1,0.000247,0.1,0
145,49,0,1,0.000247,0.1,0
